change;station_eoi_code;component_code;measurement_code;compliance_type;zone_code;pt_pollutant;demoEq;demoEq_link;docMethod_WSS;docMethod_NS
;NL00002;8;101;ENV;NL0210;NO2-H;;;;
;NL00002;9;101;MON; ; ;;;;
;NL00002;38;101;;;;;;;
;NL00003;7;100;ENV;NL0210;O3-H;;;;
;NL00003;7;100;ENV;NL0210;O3-V;;;;
;NL00003;8;101;ENV;NL0210;NO2-H;;;;
;NL00003;8;101;MON; ; ;;;;
;NL00003;9;101;MON; ; ;;;;
;NL00003;38;101;;;;;;;
;NL00007;5;100;ENV;NL0210;PM10-H;Equivalentie van de Met-One BAM 1020 PM10 en PM2.5.pdf;www.luchtmetingen.amsterdam.nl;;
;NL00007;8;101;ENV;NL0210;NO2-H;;;;
;NL00007;9;101;MON; ; ;;;;
;NL00007;10;100;ENV;NL0210;CO-H;;;;
;NL00007;38;101;;;;;;;
;NL00007;6001;100;ENV;NL0210;PM2.5-H;Equivalentie van de Met-One BAM 1020 PM10 en PM2.5.pdf;www.luchtmetingen.amsterdam.nl;;
;NL00012;5;100;ENV;NL0210;PM10-H;Equivalentie van de Met-One BAM 1020 PM10 en PM2.5.pdf;www.luchtmetingen.amsterdam.nl;;
;NL00012;7;100;ENV;NL0210;O3-H;;;;
;NL00012;8;101;ENV;NL0210;NO2-H;;;;
;NL00012;8;101;MON; ; ;;;;
;NL00012;9;101;MON; ; ;;;;
;NL00012;10;100;ENV;NL0210;CO-H;;;;
;NL00012;38;101;;;;;;;
;NL00012;6001;100;ENV;NL0210;PM2.5-H;Equivalentie van de Met-One BAM 1020 PM10 en PM2.5.pdf;www.luchtmetingen.amsterdam.nl;;
;NL00014;5;101;ENV;NL0210;PM10-H;Equivalentie van de Met-One BAM 1020 PM10 en PM2.5.pdf;www.luchtmetingen.amsterdam.nl;;
;NL00014;7;100;ENV;NL0210;O3-H;;;;
;NL00014;8;100;ENV;NL0210;NO2-H;;;;
;NL00014;8;100;MON; ; ;;;;
;NL00014;9;100;MON; ; ;;;;
;NL00014;10;100;ENV;NL0210;CO-H;;;;
;NL00014;38;100;;;;;;;
;NL00014;6001;101;AEI; ; ;;;;
;NL00014;6001;101;ENV;NL0210;PM2.5-H;Equivalentie van de Met-One BAM 1020 PM10 en PM2.5.pdf;www.luchtmetingen.amsterdam.nl;;
;NL00016;1;100;ENV;NL0210;SO2-H;;;;
;NL00016;5;100;ENV;NL0210;PM10-H;Equivalentie van de Met-One BAM 1020 PM10 en PM2.5.pdf;www.luchtmetingen.amsterdam.nl;;
;NL00016;6001;100;ENV;NL0210;PM2.5-H;Equivalentie van de Met-One BAM 1020 PM10 en PM2.5.pdf;www.luchtmetingen.amsterdam.nl;;
;NL00017;5;100;ENV;NL0210;PM10-H;Equivalentie van de Met-One BAM 1020 PM10 en PM2.5.pdf;www.luchtmetingen.amsterdam.nl;;
;NL00017;8;101;ENV;NL0210;NO2-H;;;;
;NL00017;9;101;MON; ; ;;;;
;NL00017;20;100;ENV;NL0210;Benzene-H;;;;
;NL00017;20;100;MON; ; ;;;;
;NL00017;21;100;MON; ; ;;;;
;NL00017;38;101;;;;;;;
;NL00017;431;100;;;;;;;
;NL00017;464;100;MON; ; ;;;;
;NL00017;482;100;;;;;;;
;NL00017;6001;100;ENV;NL0210;PM2.5-H;Equivalentie van de Met-One BAM 1020 PM10 en PM2.5.pdf;www.luchtmetingen.amsterdam.nl;;
;NL00019;8;101;ENV;NL0210;NO2-H;;;;
;NL00019;9;101;MON; ; ;;;;
;NL00019;38;101;;;;;;;
;NL00020;5;100;ENV;NL0210;PM10-H;Equivalentie van de Met-One BAM 1020 PM10 en PM2.5.pdf;www.luchtmetingen.amsterdam.nl;;
;NL00020;8;101;ENV;NL0210;NO2-H;;;;
;NL00020;9;101;MON; ; ;;;;
;NL00020;38;101;;;;;;;
;NL00020;6001;100;ENV;NL0210;PM2.5-H;;;;
;NL00021;8;101;ENV;NL0210;NO2-H;;;;
;NL00021;9;101;MON; ; ;;;;
;NL00021;38;101;;;;;;;
;NL00022;8;101;ENV;NL0210;NO2-H;;;;
;NL00022;9;101;MON; ; ;;;;
;NL00022;38;101;;;;;;;
;NL00107;7;102;ENV;NL0300;O3-H;;;;
;NL00107;7;102;ENV;NL0300;O3-V;;;;
;NL00107;8;102;ENV;NL0300;NO2-H;;;;
;NL00107;8;102;MON; ; ;;;;
;NL00107;9;102;MON; ; ;;;;
;NL00107;38;102;;;;;;;
;NL00131;5;101;ENV;NL0300;PM10-H;RIVM report 680708002 PM10 Equivalence study 2006.pdf;http://www.rivm.nl;;
;NL00131;6;112;;;;;;;
;NL00131;7;112;ENV;NL0300;O3-H;;;;
;NL00131;7;112;ENV;NL0300;O3-V;;;;
;NL00131;8;112;ENV;NL0300;NO2-H;;;;
;NL00131;8;112;MON; ; ;;;;
;NL00131;9;102;MON; ; ;;;;
;NL00131;12;101;;;;;;;
;NL00131;14;101;ENV;NL0300;Cd-H;;;;
;NL00131;15;101;ENV;NL0300;Ni-H;;;;
;NL00131;18;101;ENV;NL0300;As-H;;;;
;NL00131;35;100;;;;;;;
;NL00131;36;101;;;;;;;
;NL00131;37;101;;;;;;;
;NL00131;38;112;;;;;;;
;NL00131;45;101;;;;;;;
;NL00131;46;101;;;;;;;
;NL00131;47;101;;;;;;;
;NL00131;63;101;;;;;;;
;NL00131;629;101;;;;;;;
;NL00131;631;101;;;;;;;
;NL00131;659;100;;;;;;;
;NL00131;668;100;;;;;;;
;NL00131;728;100;;;;;;;
;NL00131;753;100;;;;;;;
;NL00131;2012;100;;;;;;;
;NL00131;2014;100;;;;;;;
;NL00131;2015;100;;;;;;;
;NL00131;2016;100;;;;;;;
;NL00131;2018;100;;;;;;;
;NL00131;2063;100;;;;;;;
;NL00131;2064;100;;;;;;;
;NL00131;2065;100;;;;;;;
;NL00131;2073;100;;;;;;;
;NL00131;6001;101;ENV;NL0300;PM2.5-H;;;;
;NL00133;1;101;ENV;NL0320;SO2-H;;;;
;NL00133;5;101;ENV;NL0320;PM10-H;RIVM report 680708002 PM10 Equivalence study 2006.pdf;http://www.rivm.nl;;
;NL00133;7;112;ENV;NL0320;O3-H;;;;
;NL00133;7;112;ENV;NL0320;O3-V;;;;
;NL00133;8;102;ENV;NL0320;NO2-H;;;;
;NL00133;8;102;MON; ; ;;;;
;NL00133;9;102;MON; ; ;;;;
;NL00133;38;102;;;;;;;
;NL00134;36;101;;;;;;;
;NL00134;37;102;;;;;;;
;NL00136;5;101;ENV;NL0320;PM10-H;RIVM report 680708002 PM10 Equivalence study 2006.pdf;http://www.rivm.nl;;
;NL00136;8;101;ENV;NL0320;NO2-H;;;;
;NL00136;9;101;MON; ; ;;;;
;NL00136;38;101;;;;;;;
;NL00136;6001;100;ENV;NL0320;PM2.5-H;;;;
;NL00137;5;101;ENV;NL0320;PM10-H;RIVM report 680708002 PM10 Equivalence study 2006.pdf;http://www.rivm.nl;;
;NL00137;7;101;ENV;NL0320;O3-H;;;;
;NL00137;8;101;ENV;NL0320;NO2-H;;;;
;NL00137;8;101;MON; ; ;;;;
;NL00137;9;101;MON; ; ;;;;
;NL00137;38;101;;;;;;;
;NL00137;6001;101;AEI; ; ;;;;
;NL00137;6001;101;ENV;NL0320;PM2.5-H;;;;
;NL00138;5;100;ENV;NL0320;PM10-H;RIVM report 680708002 PM10 Equivalence study 2006.pdf;http://www.rivm.nl;;
;NL00138;7;100;ENV;NL0320;O3-H;;;;
;NL00138;8;100;ENV;NL0320;NO2-H;;;;
;NL00138;8;100;MON;;;;;;
;NL00138;9;100;MON;;;;;;
;NL00138;38;100;;;;;;;
;NL00138;6001;100;AEI;;;;;;
;NL00138;6001;100;ENV;NL0320;PM2.5-H;;;;
;NL00227;7;102;ENV;NL0300;O3-H;;;;
;NL00227;7;102;ENV;NL0300;O3-V;;;;
;NL00227;8;102;ENV;NL0300;NO2-H;;;;
;NL00227;8;102;MON; ; ;;;;
;NL00227;9;102;MON; ; ;;;;
;NL00227;38;102;;;;;;;
;NL00230;5;101;ENV;NL0300;PM10-H;RIVM report 680708002 PM10 Equivalence study 2006.pdf;http://www.rivm.nl;;
;NL00230;7;102;ENV;NL0300;O3-H;;;;
;NL00230;7;102;ENV;NL0300;O3-V;;;;
;NL00230;8;102;ENV;NL0300;NO2-H;;;;
;NL00230;8;102;MON; ; ;;;;
;NL00230;9;102;MON; ; ;;;;
;NL00230;36;100;;;;;;;
;NL00230;37;100;;;;;;;
;NL00230;38;102;;;;;;;
;NL00230;6001;101;ENV;NL0300;PM2.5-H;;;;
;NL00231;36;101;;;;;;;
;NL00231;37;101;;;;;;;
;NL00235;5;100;ENV;NL0300;PM10-H;RIVM report 680708002 PM10 Equivalence study 2006.pdf;http://www.rivm.nl;;
;NL00235;7;112;ENV;NL0300;O3-H;;;;
;NL00235;7;112;ENV;NL0300;O3-V;;;;
;NL00235;8;102;ENV;NL0300;NO2-H;;;;
;NL00235;8;102;MON; ; ;;;;
;NL00235;9;102;MON; ; ;;;;
;NL00235;35;100;;;;;;;
;NL00235;38;102;;;;;;;
;NL00235;45;101;;;;;;;
;NL00235;46;101;;;;;;;
;NL00235;47;101;;;;;;;
;NL00235;622;100;;;;;;;
;NL00235;631;101;;;;;;;
;NL00235;4406;100;;;;;;;
;NL00235;5029;100;ENV;NL0300;BaP-H;;;;
;NL00235;5029;100;MON; ; ;;;;
;NL00235;5380;100;;;;;;;
;NL00235;5419;100;MON; ; ;;;;
;NL00235;5610;100;MON; ; ;;;;
;NL00235;5655;100;MON; ; ;;;;
;NL00236;5;101;ENV;NL0310;PM10-H;RIVM report 680708002 PM10 Equivalence study 2006.pdf;http://www.rivm.nl;;
;NL00236;7;102;ENV;NL0310;O3-H;;;;
;NL00236;8;102;ENV;NL0310;NO2-H;;;;
;NL00236;8;102;MON; ; ;;;;
;NL00236;9;102;MON; ; ;;;;
;NL00236;38;102;;;;;;;
;NL00237;5;101;ENV;NL0310;PM10-H;RIVM report 680708002 PM10 Equivalence study 2006.pdf;http://www.rivm.nl;;
;NL00237;8;102;ENV;NL0310;NO2-H;;;;
;NL00237;9;102;MON; ; ;;;;
;NL00237;38;102;;;;;;;
;NL00240;5;101;ENV;NL0300;PM10-H;RIVM report 680708002 PM10 Equivalence study 2006.pdf;http://www.rivm.nl;;
;NL00240;6;100;;;;;;;
;NL00240;8;100;ENV;NL0300;NO2-H;;;;
;NL00240;8;100;MON;;;;;;
;NL00240;9;100;MON;;;;;;
;NL00240;38;100;;;;;;;
;NL00240;6001;100;ENV;NL0300;PM2.5-H;;;;
;NL00241;5;101;ENV;NL0300;PM10-H;RIVM report 680708002 PM10 Equivalence study 2006.pdf;http://www.rivm.nl;;
;NL00241;6;100;;;;;;;
;NL00241;7;101;ENV;NL0300;O3-H;;;;
;NL00241;7;101;ENV;NL0300;O3-V;;;;
;NL00241;8;101;ENV;NL0300;NO2-H;;;;
;NL00241;8;101;MON; ; ;;;;
;NL00241;9;101;MON; ; ;;;;
;NL00241;38;101;;;;;;;
;NL00241;6001;101;AEI; ; ;;;;
;NL00241;6001;101;ENV;NL0300;PM2.5-H;;;;
;NL00244;5;100;ENV;NL0300;PM10-H;RIVM report 680708002 PM10 Equivalence study 2006.pdf;http://www.rivm.nl;;
;NL00244;35;100;;;;;;;
;NL00245;8;100;ENV;NL0300;NO2-H;;;;
;NL00245;9;100;MON; ; ;;;;
;NL00245;38;100;;;;;;;
;NL00246;5;100;ENV;NL0300;PM10-H;RIVM report 680708002 PM10 Equivalence study 2006.pdf;http://www.rivm.nl;;
;NL00246;8;100;ENV;NL0300;NO2-H;;;;
;NL00246;9;100;MON; ; ;;;;
;NL00246;38;100;;;;;;;
;NL00247;5;100;ENV;NL0310;PM10-H;RIVM report 680708002 PM10 Equivalence study 2006.pdf;http://www.rivm.nl;;
;NL00247;7;100;ENV;NL0310;O3-H;;;;
;NL00247;7;100;ENV;NL0310;O3-V;;;;
;NL00247;8;100;ENV;NL0310;NO2-H;;;;
;NL00247;8;100;MON; ; ;;;;
;NL00247;9;100;MON; ; ;;;;
;NL00247;38;100;;;;;;;
;NL00247;6001;100;AEI; ; ;;;;
;NL00247;6001;100;ENV;NL0310;PM2.5-H;;;;
;NL00301;7;102;ENV;NL0300;O3-H;;;;
;NL00301;7;102;ENV;NL0300;O3-V;;;;
;NL00301;8;102;ENV;NL0300;NO2-H;;;;
;NL00301;8;102;MON; ; ;;;;
;NL00301;9;102;MON; ; ;;;;
;NL00301;38;102;;;;;;;
;NL00312;5;100;ENV;NL0300;PM10-H;RIVM report 680708002 PM10 Equivalence study 2006.pdf;http://www.rivm.nl;;
;NL00318;1;111;ENV;NL0300;SO2-H;;;;
;NL00318;5;101;ENV;NL0300;PM10-H;RIVM report 680708002 PM10 Equivalence study 2006.pdf;http://www.rivm.nl;;
;NL00318;7;112;ENV;NL0300;O3-H;;;;
;NL00318;7;112;ENV;NL0300;O3-V;;;;
;NL00318;8;112;ENV;NL0300;NO2-H;;;;
;NL00318;8;112;MON; ; ;;;;
;NL00318;9;102;MON; ; ;;;;
;NL00318;36;101;;;;;;;
;NL00318;37;101;;;;;;;
;NL00318;38;112;;;;;;;
;NL00319;5;100;ENV;NL0300;PM10-H;RIVM report 680708002 PM10 Equivalence study 2006.pdf;http://www.rivm.nl;;
;NL00404;5;101;ENV;NL0231;PM10-H;RIVM report 680708002 PM10 Equivalence study 2006.pdf;http://www.rivm.nl;;
;NL00404;7;112;ENV;NL0231;O3-H;;;;
;NL00404;8;112;ENV;NL0231;NO2-H;;;;
;NL00404;8;112;MON; ; ;;;;
;NL00404;9;102;MON; ; ;;;;
;NL00404;38;112;;;;;;;
;NL00404;6001;101;AEI; ; ;;;;
;NL00404;6001;101;ENV;NL0231;PM2.5-H;;;;
;NL00411;7;101;ENV;NL0231;O3-H;;;;
;NL00411;7;101;ENV;NL0231;O3-V;;;;
;NL00411;8;101;ENV;NL0231;NO2-H;;;;
;NL00411;8;101;MON; ; ;;;;
;NL00411;9;101;MON; ; ;;;;
;NL00411;38;101;;;;;;;
;NL00416;1;121;ENV;NL0241;SO2-H;;;;
;NL00418;5;101;ENV;NL0241;PM10-H;RIVM report 680708002 PM10 Equivalence study 2006.pdf;http://www.rivm.nl;;
;NL00418;7;121;ENV;NL0241;O3-H;;;;
;NL00418;8;112;ENV;NL0241;NO2-H;;;;
;NL00418;8;112;MON; ; ;;;;
;NL00418;9;102;MON; ; ;;;;
;NL00418;38;112;;;;;;;
;NL00418;622;100;;;;;;;
;NL00418;4406;100;;;;;;;
;NL00418;5029;100;ENV;NL0241;BaP-H;;;;
;NL00418;5029;100;MON; ; ;;;;
;NL00418;5380;100;;;;;;;
;NL00418;5419;100;MON; ; ;;;;
;NL00418;5610;100;MON; ; ;;;;
;NL00418;5655;100;MON; ; ;;;;
;NL00418;6001;101;AEI; ; ;;;;
;NL00418;6001;101;ENV;NL0241;PM2.5-H;;;;
;NL00433;5;101;ENV;NL0241;PM10-H;RIVM report 680708002 PM10 Equivalence study 2006.pdf;http://www.rivm.nl;;
;NL00433;6;103;;;;;;;
;NL00433;7;102;ENV;NL0241;O3-H;;;;
;NL00433;8;112;ENV;NL0241;NO2-H;;;;
;NL00433;8;112;MON; ; ;;;;
;NL00433;9;102;MON; ; ;;;;
;NL00433;12;112;;;;;;;
;NL00433;14;102;ENV;NL0241;Cd-H;;;;
;NL00433;15;101;ENV;NL0241;Ni-H;;;;
;NL00433;18;101;ENV;NL0241;As-H;;;;
;NL00433;38;112;;;;;;;
;NL00433;63;101;;;;;;;
;NL00433;629;101;;;;;;;
;NL00433;659;100;;;;;;;
;NL00433;668;100;;;;;;;
;NL00433;6001;101;ENV;NL0241;PM2.5-H;;;;
;NL00434;36;101;;;;;;;
;NL00434;37;101;;;;;;;
;NL00434;728;100;;;;;;;
;NL00434;753;100;;;;;;;
;NL00434;2012;100;;;;;;;
;NL00434;2014;100;;;;;;;
;NL00434;2015;100;;;;;;;
;NL00434;2016;100;;;;;;;
;NL00434;2018;100;;;;;;;
;NL00434;2063;100;;;;;;;
;NL00434;2064;100;;;;;;;
;NL00434;2065;100;;;;;;;
;NL00434;2073;100;;;;;;;
;NL00437;5;101;ENV;NL0201;PM10-H;RIVM report 680708002 PM10 Equivalence study 2006.pdf;http://www.rivm.nl;;
;NL00437;7;102;ENV;NL0201;O3-H;;;;
;NL00437;7;102;ENV;NL0201;O3-V;;;;
;NL00437;8;102;ENV;NL0201;NO2-H;;;;
;NL00437;8;102;MON; ; ;;;;
;NL00437;9;102;MON; ; ;;;;
;NL00437;38;102;;;;;;;
;NL00442;5;100;ENV;NL0241;PM10-H;RIVM report 680708002 PM10 Equivalence study 2006.pdf;http://www.rivm.nl;;
;NL00442;7;100;ENV;NL0241;O3-H;;;;
;NL00442;7;100;ENV;NL0241;O3-V;;;;
;NL00442;8;100;ENV;NL0241;NO2-H;;;;
;NL00442;8;100;MON; ; ;;;;
;NL00442;9;100;MON; ; ;;;;
;NL00442;38;100;;;;;;;
;NL00444;1;100;ENV;NL0201;SO2-H;;;;
;NL00444;5;101;ENV;NL0201;PM10-H;RIVM report 680708002 PM10 Equivalence study 2006.pdf;http://www.rivm.nl;;
;NL00444;6;101;;;;;;;
;NL00444;7;101;ENV;NL0201;O3-H;;;;
;NL00444;7;101;ENV;NL0201;O3-V;;;;
;NL00444;8;101;ENV;NL0201;NO2-H;;;;
;NL00444;8;101;MON; ; ;;;;
;NL00444;9;101;MON; ; ;;;;
;NL00444;35;100;;;;;;;
;NL00444;36;101;;;;;;;
;NL00444;37;101;;;;;;;
;NL00444;38;101;;;;;;;
;NL00444;45;101;;;;;;;
;NL00444;46;101;;;;;;;
;NL00444;47;101;;;;;;;
;NL00444;622;100;;;;;;;
;NL00444;631;101;;;;;;;
;NL00444;728;100;;;;;;;
;NL00444;753;100;;;;;;;
;NL00444;753;101;;;;;;;
;NL00444;2012;100;;;;;;;
;NL00444;2013;100;;;;;;;
;NL00444;2014;100;;;;;;;
;NL00444;2015;100;;;;;;;
;NL00444;2016;100;;;;;;;
;NL00444;2018;100;;;;;;;
;NL00444;2063;100;;;;;;;
;NL00444;2064;100;;;;;;;
;NL00444;2065;100;;;;;;;
;NL00444;2073;100;;;;;;;
;NL00444;4406;100;;;;;;;
;NL00444;5029;100;ENV;NL0201;BaP-H;;;;
;NL00444;5029;100;MON; ; ;;;;
;NL00444;5380;100;;;;;;;
;NL00444;5419;100;MON; ; ;;;;
;NL00444;5610;100;MON; ; ;;;;
;NL00444;5655;100;MON; ; ;;;;
;NL00444;6001;101;ENV;NL0201;PM2.5-H;;;;
;NL00445;5;101;ENV;NL0231;PM10-H;RIVM report 680708002 PM10 Equivalence study 2006.pdf;http://www.rivm.nl;;
;NL00445;8;101;ENV;NL0231;NO2-H;;;;
;NL00445;9;101;MON; ; ;;;;
;NL00445;38;101;;;;;;;
;NL00446;5;101;ENV;NL0231;PM10-H;RIVM report 680708002 PM10 Equivalence study 2006.pdf;http://www.rivm.nl;;
;NL00446;7;100;ENV;NL0231;O3-H;;;;
;NL00446;8;100;ENV;NL0231;NO2-H;;;;
;NL00446;8;100;MON;;;;;;
;NL00446;9;100;MON;;;;;;
;NL00446;38;100;;;;;;;
;NL00447;5;101;ENV;NL0231;PM10-H;RIVM report 680708002 PM10 Equivalence study 2006.pdf;http://www.rivm.nl;;
;NL00448;5;101;ENV;NL0241;PM10-H;RIVM report 680708002 PM10 Equivalence study 2006.pdf;http://www.rivm.nl;;
;NL00448;6;100;;;;;;;
;NL00448;622;100;;;;;;;
;NL00448;4406;100;;;;;;;
;NL00448;5029;100;ENV;NL0241;BaP-H;;;;
;NL00448;5029;100;MON; ; ;;;;
;NL00448;5380;100;;;;;;;
;NL00448;5419;100;MON; ; ;;;;
;NL00448;5610;100;MON; ; ;;;;
;NL00448;5655;100;MON; ; ;;;;
;NL00448;6001;101;ENV;NL0241;PM2.5-H;;;;
;NL00482;5;100;;;;;;;
;NL00482;6001;100;;;;;;;
;NL00483;20;100;ENV;NL0241;Benzene-H;;;;
;NL00483;20;100;MON; ; ;;;;
;NL00483;21;100;MON; ; ;;;;
;NL00484;1;100;ENV;NL0241;SO2-H;;;;
;NL00485;1;100;ENV;NL0241;SO2-H;;;;
;NL00485;5;100;ENV;NL0241;PM10-H;Equivalentietest BAM/KFG PM10 2012.pdf;http://www.dcmr.nl/over-dcmr/publicaties/;;
;NL00485;7;100;ENV;NL0241;O3-H;;;;
;NL00485;8;100;ENV;NL0241;NO2-H;;;;
;NL00485;8;100;MON; ; ;;;;
;NL00485;9;100;MON; ; ;;;;
;NL00485;20;100;ENV;NL0241;Benzene-H;;;;
;NL00485;20;100;MON; ; ;;;;
;NL00485;21;100;MON; ; ;;;;
;NL00485;38;100;;;;;;;
;NL00485;6001;100;ENV;NL0241;PM2.5-H;Document DCMR;http://www.dcmr.nl;;
;NL00486;1;100;ENV;NL0241;SO2-H;;;;
;NL00486;8;100;ENV;NL0241;NO2-H;;;;
;NL00486;9;100;MON; ; ;;;;
;NL00486;38;100;;;;;;;
;NL00487;5;100;ENV;NL0241;PM10-H;Equivalentietest BAM/KFG PM10 2012.pdf;http://www.dcmr.nl/over-dcmr/publicaties/;;
;NL00487;8;100;ENV;NL0241;NO2-H;;;;
;NL00487;9;100;MON; ; ;;;;
;NL00487;10;100;ENV;NL0241;CO-H;;;;
;NL00487;38;100;;;;;;;
;NL00487;6001;100;ENV;NL0241;PM2.5-H;Document DCMR;http://www.dcmr.nl;;
;NL00488;5;100;ENV;NL0241;PM10-H;Equivalentietest BAM/KFG PM10 2012.pdf;http://www.dcmr.nl/over-dcmr/publicaties/;;
;NL00488;8;100;ENV;NL0241;NO2-H;;;;
;NL00488;9;100;MON; ; ;;;;
;NL00488;10;100;ENV;NL0241;CO-H;;;;
;NL00488;38;100;;;;;;;
;NL00488;6001;100;ENV;NL0241;PM2.5-H;Document DCMR;http://www.dcmr.nl;;
;NL00489;5;100;ENV;NL0241;PM10-H;Equivalentietest BAM/KFG PM10 2012.pdf;http://www.dcmr.nl/over-dcmr/publicaties/;;
;NL00489;7;100;ENV;NL0241;O3-H;;;;
;NL00489;8;100;ENV;NL0241;NO2-H;;;;
;NL00489;8;100;MON; ; ;;;;
;NL00489;9;100;MON; ; ;;;;
;NL00489;38;100;;;;;;;
;NL00489;6001;100;ENV;NL0241;PM2.5-H;Document DCMR;http://www.dcmr.nl;;
;NL00491;5;100;ENV;NL0241;PM10-H;Equivalentietest BAM/KFG PM10 2012.pdf;http://www.dcmr.nl/over-dcmr/publicaties/;;
;NL00491;8;100;ENV;NL0241;NO2-H;;;;
;NL00491;9;100;MON; ; ;;;;
;NL00491;10;100;ENV;NL0241;CO-H;;;;
;NL00491;38;100;;;;;;;
;NL00491;6001;100;ENV;NL0241;PM2.5-H;Document DCMR;http://www.dcmr.nl;;
;NL00493;5;100;ENV;NL0241;PM10-H;Equivalentietest BAM/KFG PM10 2012.pdf;http://www.dcmr.nl/over-dcmr/publicaties/;;
;NL00493;7;100;ENV;NL0241;O3-H;;;;
;NL00493;8;100;ENV;NL0241;NO2-H;;;;
;NL00493;8;100;MON; ; ;;;;
;NL00493;9;100;MON; ; ;;;;
;NL00493;10;100;ENV;NL0241;CO-H;;;;
;NL00493;38;100;;;;;;;
;NL00494;1;100;ENV;NL0241;SO2-H;;;;
;NL00494;5;100;ENV;NL0241;PM10-H;Equivalentietest BAM/KFG PM10 2012.pdf;http://www.dcmr.nl/over-dcmr/publicaties/;;
;NL00494;7;100;ENV;NL0241;O3-H;;;;
;NL00494;8;100;ENV;NL0241;NO2-H;;;;
;NL00494;8;100;MON; ; ;;;;
;NL00494;9;100;MON; ; ;;;;
;NL00494;20;100;ENV;NL0241;Benzene-H;;;;
;NL00494;20;100;MON; ; ;;;;
;NL00494;21;100;MON; ; ;;;;
;NL00494;38;100;;;;;;;
;NL00494;6001;101;AEI; ; ;;;;
;NL00494;6001;101;ENV;NL0241;PM2.5-H;Document DCMR;http://www.dcmr.nl;;
;NL00495;1;100;ENV;NL0241;SO2-H;;;;
;NL00495;5;100;ENV;NL0241;PM10-H;Equivalentietest BAM/KFG PM10 2012.pdf;http://www.dcmr.nl/over-dcmr/publicaties/;;
;NL00495;7;100;ENV;NL0241;O3-H;;;;
;NL00495;8;100;ENV;NL0241;NO2-H;;;;
;NL00495;8;100;MON; ; ;;;;
;NL00495;9;100;MON; ; ;;;;
;NL00495;20;100;ENV;NL0241;Benzene-H;;;;
;NL00495;20;100;MON; ; ;;;;
;NL00495;21;100;MON; ; ;;;;
;NL00495;38;100;;;;;;;
;NL00495;6001;100;ENV;NL0241;PM2.5-H;Document DCMR;http://www.dcmr.nl;;
;NL00496;1;100;ENV;NL0241;SO2-H;;;;
;NL00496;5;100;ENV;NL0241;PM10-H;Equivalentietest BAM/KFG PM10 2012.pdf;http://www.dcmr.nl/over-dcmr/publicaties/;;
;NL00496;7;100;ENV;NL0241;O3-H;;;;
;NL00496;8;100;ENV;NL0241;NO2-H;;;;
;NL00496;8;100;MON; ; ;;;;
;NL00496;9;100;MON; ; ;;;;
;NL00496;20;100;ENV;NL0241;Benzene-H;;;;
;NL00496;20;100;MON; ; ;;;;
;NL00496;21;100;MON; ; ;;;;
;NL00496;38;100;;;;;;;
;NL00496;6001;100;ENV;NL0241;PM2.5-H;Document DCMR;http://www.dcmr.nl;;
;NL00520;5;101;ENV;NL0210;PM10-H;RIVM report 680708002 PM10 Equivalence study 2006.pdf;http://www.rivm.nl;;
;NL00520;7;112;ENV;NL0210;O3-H;;;;
;NL00520;7;112;ENV;NL0210;O3-V;;;;
;NL00520;8;112;ENV;NL0210;NO2-H;;;;
;NL00520;8;112;MON; ; ;;;;
;NL00520;9;102;MON; ; ;;;;
;NL00520;38;112;;;;;;;
;NL00537;5;101;ENV;NL0210;PM10-H;RIVM report 680708002 PM10 Equivalence study 2006.pdf;http://www.rivm.nl;;
;NL00537;7;101;ENV;NL0210;O3-H;;;;
;NL00537;8;102;ENV;NL0210;NO2-H;;;;
;NL00537;9;102;MON; ; ;;;;
;NL00537;38;102;;;;;;;
;NL00538;5;101;ENV;NL0201;PM10-H;RIVM report 680708002 PM10 Equivalence study 2006.pdf;http://www.rivm.nl;;
;NL00538;6;112;;;;;;;
;NL00538;7;112;ENV;NL0201;O3-H;;;;
;NL00538;7;112;ENV;NL0201;O3-V;;;;
;NL00538;8;112;ENV;NL0201;NO2-H;;;;
;NL00538;8;112;MON; ; ;;;;
;NL00538;9;102;MON; ; ;;;;
;NL00538;12;100;;;;;;;
;NL00538;14;100;ENV;NL0201;Cd-H;;;;
;NL00538;15;100;ENV;NL0201;Ni-H;;;;
;NL00538;18;100;ENV;NL0201;As-H;;;;
;NL00538;35;100;;;;;;;
;NL00538;36;101;;;;;;;
;NL00538;37;101;;;;;;;
;NL00538;38;112;;;;;;;
;NL00538;45;101;;;;;;;
;NL00538;46;101;;;;;;;
;NL00538;47;101;;;;;;;
;NL00538;63;100;;;;;;;
;NL00538;629;100;;;;;;;
;NL00538;631;101;;;;;;;
;NL00538;659;100;;;;;;;
;NL00538;668;100;;;;;;;
;NL00538;6001;100;ENV;NL0201;PM2.5-H;;;;
;NL00545;5;100;ENV;NL0210;PM10-H;RIVM report 680708002 PM10 Equivalence study 2006.pdf;http://www.rivm.nl;;
;NL00546;5;100;ENV;NL0210;PM10-H;Equivalentie van de Met-One BAM 1020 PM10 en PM2.5.pdf;www.luchtmetingen.amsterdam.nl;;
;NL00546;8;100;ENV;NL0210;NO2-H;;;;
;NL00546;9;100;MON; ; ;;;;
;NL00546;20;100;ENV;NL0210;Benzene-H;;;;
;NL00546;20;100;MON; ; ;;;;
;NL00546;21;100;MON; ; ;;;;
;NL00546;38;100;;;;;;;
;NL00546;464;100;MON; ; ;;;;
;NL00547;5;100;ENV;NL0201;PM10-H;RIVM report 680708002 PM10 Equivalence study 2006.pdf;http://www.rivm.nl;;
;NL00547;8;100;ENV;NL0201;NO2-H;;;;
;NL00547;9;100;MON; ; ;;;;
;NL00547;38;100;;;;;;;
;NL00548;8;100;ENV;NL0201;NO2-H;;;;
;NL00548;9;100;MON; ; ;;;;
;NL00548;38;100;;;;;;;
;NL00549;5;100;ENV;NL0201;PM10-H;RIVM report 680708002 PM10 Equivalence study 2006.pdf;http://www.rivm.nl;;
;NL00549;8;100;ENV;NL0201;NO2-H;;;;
;NL00549;9;100;MON; ; ;;;;
;NL00549;38;100;;;;;;;
;NL00551;1;100;ENV;NL0210;SO2-H;;;;
;NL00551;5;100;ENV;NL0210;PM10-H;Equivalentie van de Met-One BAM 1020 PM10 en PM2.5.pdf;www.luchtmetingen.amsterdam.nl;;
;NL00551;8;100;ENV;NL0210;NO2-H;;;;
;NL00551;9;100;MON; ; ;;;;
;NL00551;10;100;ENV;NL0210;CO-H;;;;
;NL00551;38;100;;;;;;;
;NL00551;622;100;;;;;;;
;NL00551;4406;100;;;;;;;
;NL00551;5029;100;ENV;NL0210;BaP-H;;;;
;NL00551;5029;100;MON; ; ;;;;
;NL00551;5380;100;;;;;;;
;NL00551;5419;100;MON; ; ;;;;
;NL00551;5610;100;MON; ; ;;;;
;NL00551;5655;100;MON; ; ;;;;
;NL00551;6001;100;ENV;NL0210;PM2.5-H;Equivalentie van de Met-One BAM 1020 PM10 en PM2.5.pdf;www.luchtmetingen.amsterdam.nl;;
;NL00553;1;100;ENV;NL0210;SO2-H;;;;
;NL00553;5;100;ENV;NL0210;PM10-H;Equivalentie van de Met-One BAM 1020 PM10 en PM2.5.pdf;www.luchtmetingen.amsterdam.nl;;
;NL00553;8;100;ENV;NL0210;NO2-H;;;;
;NL00553;9;100;MON; ; ;;;;
;NL00553;10;100;ENV;NL0210;CO-H;;;;
;NL00553;38;100;;;;;;;
;NL00553;622;100;;;;;;;
;NL00553;4406;100;;;;;;;
;NL00553;5029;100;ENV;NL0210;BaP-H;;;;
;NL00553;5029;100;MON; ; ;;;;
;NL00553;5380;100;;;;;;;
;NL00553;5419;100;MON; ; ;;;;
;NL00553;5610;100;MON; ; ;;;;
;NL00553;5655;100;MON; ; ;;;;
;NL00553;6001;100;ENV;NL0210;PM2.5-H;Equivalentie van de Met-One BAM 1020 PM10 en PM2.5.pdf;www.luchtmetingen.amsterdam.nl;;
;NL00556;5;100;ENV;NL0201;PM10-H;Equivalentie van de Met-One BAM 1020 PM10 en PM2.5.pdf;www.luchtmetingen.amsterdam.nl;;
;NL00561;5;100;ENV;NL0210;PM10-H;Equivalentie van de Met-One BAM 1020 PM10 en PM2.5.pdf;www.luchtmetingen.amsterdam.nl;;
;NL00561;8;100;ENV;NL0210;NO2-H;;;;
;NL00561;9;100;MON; ; ;;;;
;NL00561;10;100;ENV;NL0210;CO-H;;;;
;NL00561;38;100;;;;;;;
;NL00561;6001;100;ENV;NL0210;PM2.5-H;Equivalentie van de Met-One BAM 1020 PM10 en PM2.5.pdf;www.luchtmetingen.amsterdam.nl;;
;NL00564;5;100;ENV;NL0210;PM10-H;Equivalentie van de Met-One BAM 1020 PM10 en PM2.5.pdf;www.luchtmetingen.amsterdam.nl;;
;NL00564;7;100;;;;;;;
;NL00564;8;100;ENV;NL0210;NO2-H;;;;
;NL00564;9;100;MON; ; ;;;;
;NL00564;10;100;ENV;NL0210;CO-H;;;;
;NL00564;38;100;;;;;;;
;NL00565;5;100;ENV;NL0210;PM10-H;Equivalentie van de Met-One BAM 1020 PM10 en PM2.5.pdf;www.luchtmetingen.amsterdam.nl;;
;NL00565;8;100;ENV;NL0210;NO2-H;;;;
;NL00565;9;100;MON; ; ;;;;
;NL00565;10;100;ENV;NL0210;CO-H;;;;
;NL00565;38;100;;;;;;;
;NL00570;5;100;ENV;NL0210;PM10-H;Equivalentie van de Met-One BAM 1020 PM10 en PM2.5.pdf;www.luchtmetingen.amsterdam.nl;;
;NL00570;6001;100;ENV;NL0210;PM2.5-H;Equivalentie van de Met-One BAM 1020 PM10 en PM2.5.pdf;www.luchtmetingen.amsterdam.nl;;
;NL00572;5;100;ENV;NL0210;PM10-H;Equivalentie van de Met-One BAM 1020 PM10 en PM2.5.pdf;www.luchtmetingen.amsterdam.nl;;
;NL00572;6001;100;ENV;NL0210;PM2.5-H;Equivalentie van de Met-One BAM 1020 PM10 en PM2.5.pdf;www.luchtmetingen.amsterdam.nl;;
;NL00573;5;100;;;;;;;
;NL00573;6001;100;;;;;;;
;NL00627;12;102;;;;;;;
;NL00627;14;102;ENV;NL0201;Cd-H;;;;
;NL00627;15;101;ENV;NL0201;Ni-H;;;;
;NL00627;18;101;ENV;NL0201;As-H;;;;
;NL00627;45;101;;;;;;;
;NL00627;46;101;;;;;;;
;NL00627;47;101;;;;;;;
;NL00627;63;101;;;;;;;
;NL00627;629;101;;;;;;;
;NL00627;631;101;;;;;;;
;NL00627;659;100;;;;;;;
;NL00627;668;100;;;;;;;
;NL00628;36;101;;;;;;;
;NL00628;37;101;;;;;;;
;NL00631;5;100;ENV;NL0100;PM10-H;RIVM report 680708002 PM10 Equivalence study 2006.pdf;http://www.rivm.nl;;
;NL00631;7;112;ENV;NL0100;O3-H;;;;
;NL00631;7;112;ENV;NL0100;O3-V;;;;
;NL00631;8;113;ENV;NL0100;NO2-H;;;;
;NL00631;8;113;MON; ; ;;;;
;NL00631;9;103;MON; ; ;;;;
;NL00631;38;113;;;;;;;
;NL00633;5;100;ENV;NL0201;PM10-H;RIVM report 680708002 PM10 Equivalence study 2006.pdf;http://www.rivm.nl;;
;NL00633;7;112;ENV;NL0201;O3-H;;;;
;NL00633;7;112;ENV;NL0201;O3-V;;;;
;NL00633;8;102;ENV;NL0201;NO2-H;;;;
;NL00633;8;102;MON; ; ;;;;
;NL00633;9;102;MON; ; ;;;;
;NL00633;10;101;ENV;NL0201;CO-H;;;;
;NL00633;20;102;ENV;NL0201;Benzene-H;;;;
;NL00633;20;102;MON; ; ;;;;
;NL00633;21;101;MON; ; ;;;;
;NL00633;35;100;;;;;;;
;NL00633;38;102;;;;;;;
;NL00633;431;102;MON; ; ;;;;
;NL00633;464;102;MON; ; ;;;;
;NL00633;482;102;MON; ; ;;;;
;NL00636;5;101;ENV;NL0221;PM10-H;RIVM report 680708002 PM10 Equivalence study 2006.pdf;http://www.rivm.nl;;
;NL00636;8;112;ENV;NL0221;NO2-H;;;;
;NL00636;9;102;MON; ; ;;;;
;NL00636;38;112;;;;;;;
;NL00636;6001;100;ENV;NL0221;PM2.5-H;;;;
;NL00638;20;101;ENV;NL0221;Benzene-H;;;;
;NL00638;20;101;MON; ; ;;;;
;NL00638;21;101;MON; ; ;;;;
;NL00638;431;101;MON; ; ;;;;
;NL00638;464;101;MON; ; ;;;;
;NL00638;482;101;MON; ; ;;;;
;NL00639;5;101;ENV;NL0221;PM10-H;RIVM report 680708002 PM10 Equivalence study 2006.pdf;http://www.rivm.nl;;
;NL00639;7;102;ENV;NL0221;O3-H;;;;
;NL00639;8;102;ENV;NL0221;NO2-H;;;;
;NL00639;9;102;MON; ; ;;;;
;NL00639;20;101;MON;;;;;;
;NL00639;21;101;MON;;;;;;
;NL00639;38;102;;;;;;;
;NL00639;431;101;MON;;;;;;
;NL00639;464;101;MON;;;;;;
;NL00639;482;101;MON;;;;;;
;NL00641;5;101;ENV;NL0201;PM10-H;RIVM report 680708002 PM10 Equivalence study 2006.pdf;http://www.rivm.nl;;
;NL00641;6;100;;;;;;;
;NL00641;7;101;ENV;NL0201;O3-H;;;;
;NL00641;7;101;ENV;NL0201;O3-V;;;;
;NL00641;8;101;ENV;NL0201;NO2-H;;;;
;NL00641;9;101;MON; ; ;;;;
;NL00641;38;101;;;;;;;
;NL00641;6001;100;ENV;NL0201;PM2.5-H;;;;
;NL00643;7;100;ENV;NL0221;O3-H;;;;
;NL00643;7;100;ENV;NL0221;O3-V;;;;
;NL00643;8;100;ENV;NL0221;NO2-H;;;;
;NL00643;8;100;MON;;;;;;
;NL00643;9;100;MON;;;;;;
;NL00643;20;100;ENV;NL0221;Benzene-H;;;;
;NL00643;20;100;MON; ; ;;;;
;NL00643;21;100;MON; ; ;;;;
;NL00643;24;100;MON; ; ;;;;
;NL00643;38;100;;;;;;;
;NL00643;316;100;MON; ; ;;;;
;NL00643;394;100;MON; ; ;;;;
;NL00643;428;100;MON; ; ;;;;
;NL00643;430;100;MON; ; ;;;;
;NL00643;431;100;MON; ; ;;;;
;NL00643;432;100;MON; ; ;;;;
;NL00643;441;100;MON; ; ;;;;
;NL00643;443;100;MON; ; ;;;;
;NL00643;447;100;MON; ; ;;;;
;NL00643;449;100;MON; ; ;;;;
;NL00643;450;100;MON; ; ;;;;
;NL00643;451;100;MON; ; ;;;;
;NL00643;464;100;MON; ; ;;;;
;NL00643;475;100;MON; ; ;;;;
;NL00643;482;100;MON; ; ;;;;
;NL00643;486;100;MON; ; ;;;;
;NL00643;503;100;MON; ; ;;;;
;NL00643;505;100;MON; ; ;;;;
;NL00643;6001;100;AEI; ; ;;;;
;NL00643;6001;100;ENV;NL0221;PM2.5-H;;;;
;NL00643;6005;100;MON; ; ;;;;
;NL00643;6006;100;MON; ; ;;;;
;NL00643;6007;100;MON; ; ;;;;
;NL00643;6008;100;MON; ; ;;;;
;NL00643;6009;100;MON; ; ;;;;
;NL00643;6011;100;MON; ; ;;;;
;NL00643;6012;100;MON; ; ;;;;
;NL00643;6013;100;MON; ; ;;;;
;NL00644;1;100;ENV;NL0201;SO2-H;;;;
;NL00644;5;100;ENV;NL0201;PM10-H;RIVM report 680708002 PM10 Equivalence study 2006.pdf;http://www.rivm.nl;;
;NL00644;7;100;ENV;NL0201;O3-H;;;;
;NL00644;7;100;ENV;NL0201;O3-V;;;;
;NL00644;8;100;ENV;NL0201;NO2-H;;;;
;NL00644;8;100;MON; ; ;;;;
;NL00644;9;100;MON; ; ;;;;
;NL00644;10;100;ENV;NL0201;CO-H;;;;
;NL00644;38;100;;;;;;;
;NL00644;1012;100;;;;;;;
;NL00644;1014;100;;;;;;;
;NL00644;1015;100;;;;;;;
;NL00644;1018;100;;;;;;;
;NL00644;1045;100;;;;;;;
;NL00644;1046;100;;;;;;;
;NL00644;1047;100;;;;;;;
;NL00644;1063;100;;;;;;;
;NL00644;1629;100;;;;;;;
;NL00644;1631;100;;;;;;;
;NL00644;1657;100;;;;;;;
;NL00644;1659;100;;;;;;;
;NL00644;1668;100;;;;;;;
;NL00644;1771;100;;;;;;;
;NL00644;1772;100;;;;;;;
;NL00644;6001;100;ENV;NL0201;PM2.5-H;;;;
;NL00701;5;101;ENV;NL0210;PM10-H;Equivalentie van de Met-One BAM 1020 PM10 en PM2.5.pdf;www.luchtmetingen.amsterdam.nl;;
;NL00701;7;100;ENV;NL0210;O3-H;;;;
;NL00701;7;100;ENV;NL0210;O3-V;;;;
;NL00701;8;100;ENV;NL0210;NO2-H;;;;
;NL00701;8;100;MON; ; ;;;;
;NL00701;9;100;MON; ; ;;;;
;NL00701;38;100;;;;;;;
;NL00701;6001;101;AEI; ; ;;;;
;NL00701;6001;101;ENV;NL0210;PM2.5-H;Equivalentie van de Met-One BAM 1020 PM10 en PM2.5.pdf;www.luchtmetingen.amsterdam.nl;;
;NL00703;5;101;ENV;NL0210;PM10-H;Equivalentie van de Met-One BAM 1020 PM10 en PM2.5.pdf;www.luchtmetingen.amsterdam.nl;;
;NL00703;8;100;ENV;NL0210;NO2-H;;;;
;NL00703;9;100;MON; ; ;;;;
;NL00703;20;100;ENV;NL0210;Benzene-H;;;;
;NL00703;20;100;MON; ; ;;;;
;NL00703;21;100;MON; ; ;;;;
;NL00703;38;100;;;;;;;
;NL00703;431;100;;;;;;;
;NL00703;464;100;MON; ; ;;;;
;NL00703;482;100;;;;;;;
;NL00703;6001;100;ENV;NL0210;PM2.5-H;Equivalentie van de Met-One BAM 1020 PM10 en PM2.5.pdf;www.luchtmetingen.amsterdam.nl;;
;NL00704;1;100;ENV;NL0210;SO2-H;;;;
;NL00704;5;100;ENV;NL0210;PM10-H;Equivalentie van de Met-One BAM 1020 PM10 en PM2.5.pdf;www.luchtmetingen.amsterdam.nl;;
;NL00704;8;100;ENV;NL0210;NO2-H;;;;
;NL00704;9;100;MON; ; ;;;;
;NL00704;20;100;ENV;NL0210;Benzene-H;;;;
;NL00704;20;100;MON; ; ;;;;
;NL00704;21;100;MON; ; ;;;;
;NL00704;38;100;;;;;;;
;NL00704;431;100;;;;;;;
;NL00704;464;100;MON; ; ;;;;
;NL00704;482;100;;;;;;;
;NL00704;6001;100;ENV;NL0210;PM2.5-H;Equivalentie van de Met-One BAM 1020 PM10 en PM2.5.pdf;www.luchtmetingen.amsterdam.nl;;
;NL00722;1;111;ENV;NL0201;SO2-H;;;;
;NL00722;5;101;ENV;NL0201;PM10-H;RIVM report 680708002 PM10 Equivalence study 2006.pdf;http://www.rivm.nl;;
;NL00722;7;112;ENV;NL0201;O3-H;;;;
;NL00722;7;112;ENV;NL0201;O3-V;;;;
;NL00722;8;112;ENV;NL0201;NO2-H;;;;
;NL00722;8;112;MON; ; ;;;;
;NL00722;9;102;MON; ; ;;;;
;NL00722;35;100;;;;;;;
;NL00722;38;112;;;;;;;
;NL00728;5;101;ENV;NL0201;PM10-H;RIVM report 680708002 PM10 Equivalence study 2006.pdf;http://www.rivm.nl;;
;NL00732;36;101;;;;;;;
;NL00732;37;101;;;;;;;
;NL00738;5;101;ENV;NL0201;PM10-H;RIVM report 680708002 PM10 Equivalence study 2006.pdf;http://www.rivm.nl;;
;NL00738;6;100;;;;;;;
;NL00738;7;101;ENV;NL0201;O3-H;;;;
;NL00738;7;101;ENV;NL0201;O3-V;;;;
;NL00738;8;101;ENV;NL0201;NO2-H;;;;
;NL00738;8;101;MON; ; ;;;;
;NL00738;9;101;MON; ; ;;;;
;NL00738;35;100;;;;;;;
;NL00738;38;101;;;;;;;
;NL00738;6001;100;ENV;NL0201;PM2.5-H;;;;
;NL00741;5;101;ENV;NL0201;PM10-H;RIVM report 680708002 PM10 Equivalence study 2006.pdf;http://www.rivm.nl;;
;NL00741;8;101;ENV;NL0201;NO2-H;;;;
;NL00741;9;101;MON; ; ;;;;
;NL00741;10;100;ENV;NL0201;CO-H;;;;
;NL00741;38;101;;;;;;;
;NL00741;6001;100;ENV;NL0201;PM2.5-H;;;;
;NL00742;5;100;ENV;NL0201;PM10-H;RIVM report 680708002 PM10 Equivalence study 2006.pdf;http://www.rivm.nl;;
;NL00742;7;101;ENV;NL0201;O3-H;;;;
;NL00742;8;101;ENV;NL0201;NO2-H;;;;
;NL00742;8;101;MON; ; ;;;;
;NL00742;9;101;MON; ; ;;;;
;NL00742;10;100;ENV;NL0201;CO-H;;;;
;NL00742;38;101;;;;;;;
;NL00742;6001;100;AEI; ; ;;;;
;NL00742;6001;100;ENV;NL0201;PM2.5-H;;;;
;NL00743;5;100;ENV;NL0201;PM10-H;RIVM report 680708002 PM10 Equivalence study 2006.pdf;http://www.rivm.nl;;
;NL00807;5;101;ENV;NL0100;PM10-H;RIVM report 680708002 PM10 Equivalence study 2006.pdf;http://www.rivm.nl;;
;NL00807;7;102;ENV;NL0100;O3-H;;;;
;NL00807;7;102;ENV;NL0100;O3-V;;;;
;NL00807;8;102;ENV;NL0100;NO2-H;;;;
;NL00807;8;102;MON; ; ;;;;
;NL00807;9;102;MON; ; ;;;;
;NL00807;12;100;;;;;;;
;NL00807;14;100;ENV;NL0100;Cd-H;;;;
;NL00807;15;100;ENV;NL0100;Ni-H;;;;
;NL00807;18;100;ENV;NL0100;As-H;;;;
;NL00807;38;102;;;;;;;
;NL00807;63;100;;;;;;;
;NL00807;629;100;;;;;;;
;NL00807;659;100;;;;;;;
;NL00807;668;100;;;;;;;
;NL00818;5;101;ENV;NL0100;PM10-H;RIVM report 680708002 PM10 Equivalence study 2006.pdf;http://www.rivm.nl;;
;NL00818;7;101;ENV;NL0100;O3-H;;;;
;NL00818;7;101;ENV;NL0100;O3-V;;;;
;NL00818;8;101;ENV;NL0100;NO2-H;;;;
;NL00818;8;101;MON; ; ;;;;
;NL00818;9;101;MON; ; ;;;;
;NL00818;38;101;;;;;;;
;NL00821;6001;100;AEI; ; ;;;;
;NL00821;6001;100;ENV;NL0100;PM2.5-H;;;;
;NL00918;5;101;ENV;NL0100;PM10-H;RIVM report 680708002 PM10 Equivalence study 2006.pdf;http://www.rivm.nl;;
;NL00918;7;102;ENV;NL0100;O3-H;;;;
;NL00918;7;102;ENV;NL0100;O3-V;;;;
;NL00918;8;102;ENV;NL0100;NO2-H;;;;
;NL00918;8;102;MON; ; ;;;;
;NL00918;9;102;MON; ; ;;;;
;NL00918;38;102;;;;;;;
;NL00929;5;101;ENV;NL0100;PM10-H;RIVM report 680708002 PM10 Equivalence study 2006.pdf;http://www.rivm.nl;;
;NL00929;6;101;;;;;;;
;NL00929;7;101;ENV;NL0100;O3-H;;;;
;NL00929;7;101;ENV;NL0100;O3-V;;;;
;NL00929;8;101;ENV;NL0100;NO2-H;;;;
;NL00929;8;101;MON; ; ;;;;
;NL00929;9;101;MON; ; ;;;;
;NL00929;35;100;;;;;;;
;NL00929;36;101;;;;;;;
;NL00929;37;101;;;;;;;
;NL00929;38;101;;;;;;;
;NL00929;45;101;;;;;;;
;NL00929;46;101;;;;;;;
;NL00929;47;101;;;;;;;
;NL00929;631;101;;;;;;;
;NL00934;1;101;ENV;NL0100;SO2-H;;;;
;NL00934;1;101;ENV;NL0100;SO2-V;;;;
;NL00934;5;100;ENV;NL0100;PM10-H;RIVM report 680708002 PM10 Equivalence study 2006.pdf;http://www.rivm.nl;;
;NL00934;7;112;ENV;NL0100;O3-H;;;;
;NL00934;7;112;ENV;NL0100;O3-V;;;;
;NL00934;8;112;ENV;NL0100;NO2-H;;;;
;NL00934;8;112;MON; ; ;;;;
;NL00934;9;102;ENV;NL0100;NOx-V;;;;
;NL00934;9;102;MON; ; ;;;;
;NL00934;10;101;ENV;NL0100;CO-H;;;;
;NL00934;12;102;;;;;;;
;NL00934;14;102;ENV;NL0100;Cd-H;;;;
;NL00934;15;101;ENV;NL0100;Ni-H;;;;
;NL00934;18;101;ENV;NL0100;As-H;;;;
;NL00934;36;101;;;;;;;
;NL00934;37;101;;;;;;;
;NL00934;38;112;;;;;;;
;NL00934;45;101;;;;;;;
;NL00934;46;101;;;;;;;
;NL00934;47;101;;;;;;;
;NL00934;63;101;;;;;;;
;NL00934;412;100;;;;;;;
;NL00934;412;101;;;;;;;
;NL00934;622;100;;;;;;;
;NL00934;629;101;;;;;;;
;NL00934;630;100;;;;;;;
;NL00934;630;101;;;;;;;
;NL00934;631;101;;;;;;;
;NL00934;632;100;;;;;;;
;NL00934;632;101;;;;;;;
;NL00934;648;100;;;;;;;
;NL00934;648;101;;;;;;;
;NL00934;658;100;;;;;;;
;NL00934;658;101;;;;;;;
;NL00934;659;100;;;;;;;
;NL00934;660;100;;;;;;;
;NL00934;660;101;;;;;;;
;NL00934;664;100;;;;;;;
;NL00934;664;101;;;;;;;
;NL00934;666;100;;;;;;;
;NL00934;666;101;;;;;;;
;NL00934;668;100;;;;;;;
;NL00934;669;100;;;;;;;
;NL00934;669;101;;;;;;;
;NL00934;719;100;;;;;;;
;NL00934;719;101;;;;;;;
;NL00934;728;100;;;;;;;
;NL00934;753;101;;;;;;;
;NL00934;753;102;;;;;;;
;NL00934;753;103;;;;;;;
;NL00934;2012;103;;;;;;;
;NL00934;2014;104;;;;;;;
;NL00934;2015;100;;;;;;;
;NL00934;2016;100;;;;;;;
;NL00934;2018;101;;;;;;;
;NL00934;2063;102;;;;;;;
;NL00934;2064;100;;;;;;;
;NL00934;2065;101;;;;;;;
;NL00934;2073;101;;;;;;;
;NL00934;2076;100;;;;;;;
;NL00934;2076;101;;;;;;;
;NL00934;4406;100;;;;;;;
;NL00934;5029;100;ENV;NL0100;BaP-H;;;;
;NL00934;5029;100;MON; ; ;;;;
;NL00934;5380;100;;;;;;;
;NL00934;5419;100;MON; ; ;;;;
;NL00934;5610;100;MON; ; ;;;;
;NL00934;5655;100;MON; ; ;;;;
;NL00934;6001;100;ENV;NL0100;PM2.5-H;;;;
;NL00937;5;101;ENV;NL0100;PM10-H;RIVM report 680708002 PM10 Equivalence study 2006.pdf;http://www.rivm.nl;;
;NL00937;8;101;ENV;NL0100;NO2-H;;;;
;NL00937;9;101;MON; ; ;;;;
;NL00937;38;101;;;;;;;
;NL00937;6001;100;ENV;NL0100;PM2.5-H;;;;
;NL00938;7;101;ENV;NL0100;O3-H;;;;
;NL00938;7;101;ENV;NL0100;O3-V;;;;
;NL00938;8;101;ENV;NL0100;NO2-H;;;;
;NL00938;8;101;MON; ; ;;;;
;NL00938;9;101;MON; ; ;;;;
;NL00938;38;101;;;;;;;
;NL00938;6001;101;AEI; ; ;;;;
;NL00938;6001;101;ENV;NL0100;PM2.5-H;;;;