dem_status;station_eoi_code;station_airbase_code;network_code;station_local_code;station_name;station_description;station_nuts_level1;station_nuts_level2;station_nuts_level3;station_lau_level1;station_lau_level2;station_lau_name2;station_sabe_icc;station_sabe_shn;station_sabe_gen;station_start_date;station_end_date;station_latitude_d;station_latitude_dms;station_longitude_d;station_longitude_dms;station_altitude;type_of_station;station_type_of_area;station_characteristic_of_zone;station_ozone_classification;station_main_emission_source;station_area_of_representativ;station_distance_from_kerb;station_distance_to_source;station_distance_to_junction;station_snap;station_subcat_rural_background;station_city;population;street_name;street_type;number_of_vehicles;station_lorry_percentage;station_traffic_speed;station_ratio_distance;station_street_width;monitoring_objective;other_monitoring_objective;exposure;meteorological_parameters
M;NL00807;NL0205A;NL010A;807;Hellendoorn-Luttenbergerweg;;2;1;3;--;'0163;Hellendoorn;NL;NL230163;Hellendoorn;19760402;;52,389167;'+052.23.21.00;6,403614;'+006.24.13.01;7;Background;rural;agricultural;rural;;;;;;;;;;;;;;;;;;;;
M;NL00818;NL0231A;NL010A;818;Barsbeek-De Veenen;;2;1;1;--;1708;Steenwijkerland;NL;NL231708;Steenwijkerland;19861124;;52,655;'+052.39.18.00;6,018069;'+006.01.05.05;1;Background;rural;agricultural;rural;;;;;;;;;;;;;;;;;;;;
M;NL00913;NL0206A;NL010A;913;Sappemeer-Borgercompagnie;;1;1;3;--;18;Hoogezand-Sappemeer;NL;NL200018;Hoogezand-Sappemeer;19760402;20020402;53,144722;'+053.08.41.00;6,799458;'+006.47.58.05;1;Background;rural;agricultural;;;;;;;;;;;;;;;;;;;;;
M;NL00918;NL0207A;NL010A;918;Balk-Trophornsterweg;;1;2;2;--;'0653;Gaasterl√¢n-Sleat;NL;NL210653;Gaasterlan-Sleat;19760402;;52,916914;'+052.55.00.89;5,573492;'+005.34.24.57;1;Background;rural;agricultural;rural;;;;;;;;;;;;;;;;;;;;99
M;NL00928;NL0002R;NL010A;928;Witteveen-Talmaweg;;1;3;1;--;1731;Midden-Drenthe;NL;NL221731;Midden-Drenthe;19780101;20000208;52,813611;'+052.48.49.00;6,669725;'+006.40.11.01;17;Background;rural;agricultural;;;;;;;;;;;;;;;;;;;;;60
M;NL00934;NL0009R;NL010A;934;Kollumerwaard-Hooge Zuidwal;;1;2;1;--;79;Kollumerland en Nieuwkruisland;NL;NL210079;Kollumerland en Nieuwkruisland;19891221;;53,331667;'+053.19.54.00;6,277508;'+006.16.39.03;1;Background;rural;agricultural;rural;;;;;;;;;;;;;;;;;;;;60
M;NL00131;NL0010R;NL010A;131;Vredepeel-Vredeweg;;4;2;1;--;'0984;Venray;NL;NL310984;Venray;19840401;;51,541111;'+051.32.28.00;5,853614;'+005.51.13.01;28;Background;rural;agricultural;rural;;;;;;;;;;;;;;;;;;;;60
M;NL00133;NL0225A;NL010A;133;Wijnandsrade-Opfergeltstraat;;4;2;3;--;'0951;Nuth;NL;NL310951;Nuth;19860401;;50,903056;'+050.54.11.00;5,882236;'+005.52.56.05;96;Background;suburban;agricultural;suburban;;;;;;;;;;;;;;;;;;;;
M;NL00134;NL0214A;NL010A;134;Beek-Vliegveldweg;;4;2;3;--;'0888;Beek;NL;NL310888;Beek;19780101;;50,90545;'+050.54.19.62;5,761917;'+005.45.42.90;111;Background;rural;agricultural;;;;;;;;;;;;;;;;;;;;;60
M;NL00227;NL0196A;NL010A;227;Budel-Toom;;4;1;4;--;1706;Cranendonck;NL;NL301706;Cranendonck;19760102;;51,2675;'+051.16.03.00;5,561678;'+005.33.42.04;32;Background;rural;agricultural;rural;;;;;;;;;;;;;;;;;;;;
M;NL00230;NL0223A;NL010A;230;Biest Houtakker-Biestsestraat;;4;1;2;--;'0798;Hilvarenbeek;NL;NL300798;Hilvarenbeek;19840401;;51,519444;'+051.31.10.00;5,148903;'+005.08.56.05;15;Background;rural;agricultural;rural;;;;;;;;;;;;;;;;;;;;
M;NL00231;NL0215A;NL010A;231;Gilze-Rijen-Rijksweg;;4;1;2;--;'0784;Gilze en Rijen;NL;NL300784;Gilze en Rijen;19780101;;51,566389;'+051.33.59.00;4,932792;'+004.55.58.05;3;Background;rural;agricultural;;;;;;;;;;;;;;;;;;;;;60
M;NL00232;NL0230A;NL010A;232;Volkel-Heikantsepad;;4;1;3;--;'0856;Uden;NL;NL300856;Uden;19861118;20020402;51,641667;'+051.38.30.00;5,662233;'+005.39.44.04;20;Background;rural;agricultural;;;;;;;;;;;;;;;;;;;;;
M;NL00234;NL0197A;NL010A;234;Putte-Larikslaan;;4;1;1;--;'0873;Woensdrecht;NL;NL300873;Woensdrecht;19760102;19990101;51,366389;'+051.21.59.00;4,388336;'+004.23.18.01;16;Background;rural;commercial;;;;;;;;;;;;;;;;;;;;;
M;NL00235;NL0232A;NL010A;235;Huijbergen-Vennekenstraat;;4;1;1;--;'0873;Woensdrecht;NL;NL300873;Woensdrecht;19870101;;51,435;'+051.26.06.00;4,360286;'+004.21.37.03;18;Background;rural;natural;rural;;;;;;;;;;;Unknown;;;;;;;;;60
M;NL00236;NL0242A;NL010A;236;Eindhoven-Genovevalaan;;4;1;4;--;'0772;Eindhoven;NL;NL300772;Eindhoven;19890126;;51,469722;'+051.28.11.00;5,472783;'+005.28.22.02;17;Traffic;urban;commercial;urban;;;;;;;;;;Genovevalaan Eindhoven;Canyon street;12000;4;19;;;;;;
M;NL00237;NL0104A;NL010A;237;Eindhoven-Noordbrabantlaan;;4;1;4;--;'0772;Eindhoven;NL;NL300772;Eindhoven;19890119;;51,445278;'+051.26.43.00;5,4289;'+005.25.44.04;18;Traffic;urban;commercial;;;0;0;0;0;;;EINDHOVEN;204000;Noordbrabantlaan Eindhoven;Canyon street;20200;4;44;;;;;;99
M;NL00238;NL0241A;NL010A;238;Eindhoven-Piuslaan;;4;1;4;--;'0772;Eindhoven;NL;NL300772;Eindhoven;19890119;20020902;51,430556;'+051.25.50.00;5,502781;'+005.30.10.01;19;Traffic;urban;residential;;;;;;;;;;;Piuslaan Eindhoven;Wide street;30200;4;44;;;;;;
M;NL00301;NL0198A;NL010A;301;Zierikzee-Lange Slikweg;;3;4;2;--;1676;Schouwen-Duiveland;NL;NL291676;Schouwen-Duiveland;19760102;;51,635556;'+051.38.08.00;3,916947;'+003.55.01.01;-1;Background;rural;agricultural;rural;;;;;;;;;;;;;;;;;;;;
M;NL00315;NL0203A;NL010A;315;Sas van Gent-Westkade;;3;4;1;--;'0715;Terneuzen;NL;NL290715;Terneuzen;19760201;19990101;51,213056;'+051.12.47.00;3,800842;'+003.48.03.03;2;Background;suburban;industrial;;;;;;;;;SAS VAN GENT;9000;;;;;;;;;;;
M;NL00318;NL0220A;NL010A;318;Philippine-Stelleweg;;3;4;1;--;'0715;Terneuzen;NL;NL290715;Terneuzen;19821231;;51,295278;'+051.17.43.00;3,749458;'+003.44.58.05;5;Background;rural;agricultural;rural;;;;;;;;;;;;;;;;;;;;60
M;NL00404;NL0199A;NL010A;404;Den Haag-Rebecquestraat;;3;3;2;--;'0518;'s-Gravenhage;NL;NL280518;'s-Gravenhage;19760102;;52,078056;'+052.04.41.00;4,289172;'+004.17.21.02;2;Background;urban;commercial;urban;;;;;;;;DEN HAAG;442000;;;;;;;;;;;
M;NL00411;NL0200A;NL010A;411;Schipluiden-Groeneveld;;3;3;3;--;1842;Midden-Delfland;NL;NL281842;Midden-Delfland;19760102;;51,994722;'+051.59.41.00;4,280569;'+004.16.50.05;-1;Background;suburban;agricultural;suburban;;;;;;;;;;;;;;;;;;;;
M;NL00415;NL0211A;NL010A;415;Maassluis-Vlaardingsedijk;;3;3;5;--;'0556;Maassluis;NL;NL280556;Maassluis;19760403;20100106;51,914722;'+051.54.53.00;4,259175;'+004.15.33.03;4;Background;suburban;industrial;;;0;0;0;0;;;MAASSLUIS;33000;;;0;0;0;;;;;;
M;NL00416;NL0212A;NL010A;416;Vlaardingen-Lyceumlaan;;3;3;5;--;'0622;Vlaardingen;NL;NL280622;Vlaardingen;19760410;;51,9175;'+051.55.03.00;4,357228;'+004.21.26.02;-1;Background;urban;residential;;;;;;;;;VLAARDINGEN;74000;;;;;;;;;;;
M;NL00418;NL0201A;NL010A;418;Rotterdam-Schiedamsevest;;3;3;5;--;'0599;Rotterdam;NL;NL280599;Rotterdam;19760102;;51,915;'+051.54.54.00;4,480289;'+004.28.49.04;3;Background;urban;commercial;unknown;;;;;;;;ROTTERDAM;598000;;;;;;;;;;;
M;NL00433;NL0224A;NL010A;433;Vlaardingen-Floreslaan;;3;3;5;--;'0622;Vlaardingen;NL;NL280622;Vlaardingen;19840401;;51,911389;'+051.54.41.00;4,326953;'+004.19.37.03;-1;Traffic;urban;industrial;urban;;;;;;;;;;Floreslaan Vlaardingen;Wide street;17519;16;19;;;;;;
M;NL00434;NL0216A;NL010A;434;Rotterdam-vliegveldweg;;3;3;5;--;'0599;Rotterdam;NL;NL280599;Rotterdam;19780101;;51,953889;'+051.57.14.00;4,443342;'+004.26.36.03;-5;Background;suburban;agricultural;;;;;;;;;ROTTERDAM;598000;;;;;;;;;;;60
M;NL00437;NL0226A;NL010A;437;Westmaas-Groeneweg;;3;3;5;5944;'0585;Binnenmaas;NL;NL280585;Binnenmaas;19860401;;51,7875;'+051.47.15.00;4,450842;'+004.27.03.03;-1;Background;rural;agricultural;rural;;;;;;;;;;;;;;;;;;;;
M;NL00441;NL0243A;NL010A;441;Dordrecht-Frisostraat;;3;3;6;--;'0505;Dordrecht;NL;NL280505;Dordrecht;19890927;20101116;51,805278;'+051.48.19.00;4,668911;'+004.40.08.08;1;Background;urban;residential;urban;;;;;;;;DORDRECHT;120000;;;;;;;;;;;99
M;NL00518;NL0208A;NL010A;518;Amsterdam-Cabeliaustraat;;3;2;6;--;'0363;Amsterdam;NL;NL270363;Amsterdam;19760402;;52,384722;'+052.23.05.00;4,803614;'+004.48.13.01;1;Background;urban;commercial;;;;;;;;;AMSTERDAM;734000;;;;;;;;;;;
M;NL00520;NL0204A;NL010A;520;Amsterdam-Florapark;;3;2;6;--;'0363;Amsterdam;NL;NL270363;Amsterdam;19760202;;52,390931;'+052.23.27.35;4,917294;'+004.55.02.26;4;Background;urban;commercial;urban;;;;;;;;AMSTERDAM;734000;;;;;;;;;;;99
M;NL00107;NL0202A;NL010A;107;Posterholt-Vlodropperweg;;4;2;2;--;1669;Roerdalen;NL;NL311669;Roerdalen;19760102;;51,120278;'+051.07.13.00;6,043064;'+006.02.35.03;32;Background;rural;agricultural;rural;;;;;;;;POSTERHOLT;4300;;;;;;;;;;;
M;NL00537;NL0244A;NL010A;537;Haarlem-Amsterdamsevaart;;3;2;4;--;'0392;Haarlem;NL;NL270392;Haarlem;19891121;;52,381667;'+052.22.54.00;4,648069;'+004.38.53.05;1;Traffic;urban;commercial;unknown;;;;;;;;;;Amsterdamsevaart Haarlem;Wide street;36262;3;13;;;;;;
M;NL00538;NL0227A;NL010A;538;Wieringerwerf-Medemblikkerweg;;3;2;1;--;'0463;Wieringermeer;NL;NL270463;Wieringermeer;19860401;;52,804722;'+052.48.17.00;5,050842;'+005.03.03.03;-4;Background;rural;agricultural;rural;;;;;;;;;;;;;;;;;;;;60
M;NL00620;NL0011G;NL010A;620;Cabauw-Zijdeweg;;3;1;'0;--;331;Lopik;NL;NL260331;Lopik;19760402;;51,971389;'+051.58.17.00;4,926397;'+004.55.35.03;-1;Background;rural;agricultural;rural;;0;0;0;0;;;;;;;0;0;0;;;;;;99
M;NL00627;NL0008R;NL010A;627;Bilthoven-Van Leeuwenhoeklaan;;3;1;'0;--;310;De Bilt;NL;NL260310;De Bilt;19780101;;52,120833;'+052.07.15.00;5,195567;'+005.11.44.04;3;Background;suburban;commercial;;;0;0;0;0;;;BILTHOVEN;32000;;;0;0;0;;;;;;99
M;NL00628;NL0218A;NL010A;628;De Bilt-Wilhelminalaan;;3;1;'0;--;310;De Bilt;NL;NL260310;De Bilt;19780101;;52,100833;'+052.06.03.00;5,177789;'+005.10.40.04;2;Background;suburban;commercial;;;0;0;0;0;;;DE BILT;32000;;;0;0;0;;;;;;60
M;NL00631;NL0228A;NL010A;631;Biddinghuizen-Hoekwantweg;;2;3;'0;--;303;Dronten;NL;NL240303;Dronten;19860401;;52,4485;'+052.26.54.60;5,61915;'+005.37.08.94;-4;Background;rural;agricultural;rural;;0;0;0;0;;;;;;;0;0;0;;;;;;60
M;NL00633;NL0229A;NL010A;633;Zegveld-Oude Meije;;3;1;'0;--;632;Woerden;NL;NL260632;Woerden;19860401;;52,138889;'+052.08.20.00;4,838336;'+004.50.18.01;-2;Background;rural;agricultural;rural;;0;0;0;0;;;;;;Unknown;0;0;0;;;;;;99
M;NL00636;NL0235A;NL010A;636;Utrecht-de Jongweg;;3;1;'0;--;344;Utrecht;NL;NL260344;Utrecht;19871029;;52,106111;'+052.06.22.00;5,125286;'+005.07.31.03;1;Traffic;urban;residential;urban;;0;0;0;0;;;;;Kardinaal de Jongweg Utrecht;Wide street;32500;7,5;44;;;;;;
M;NL00637;NL0236A;NL010A;637;Utrecht-Wittevrouwenstraat;;3;1;'0;--;344;Utrecht;NL;NL260344;Utrecht;19871105;20041001;52,095833;'+052.05.45.00;5,125286;'+005.07.31.03;1;Traffic;urban;commercial;;;0;0;0;0;;;UTRECHT;260000;Witte Vrouwenstraat Utrecht;Canyon street;7750;7,5;13;;;;;;99
M;NL00638;NL0233A;NL010A;638;Utrecht-Vleutenseweg;;3;1;'0;--;344;Utrecht;NL;NL260344;Utrecht;19871001;;52,093889;'+052.05.38.00;5,103058;'+005.06.11.01;1;Traffic;urban;commercial;;;0;0;0;0;;;;;Vleutenseweg Utrecht;Wide street;17000;7,5;19;;;;;;
M;NL00639;NL0234A;NL010A;639;Utrecht-Erzeijstraat;;3;1;'0;--;344;Utrecht;NL;NL260344;Utrecht;19871001;;52,068889;'+052.04.08.00;5,121114;'+005.07.16.01;1;Traffic;urban;residential;urban;;0;0;0;0;;;;;Constant Erzeijstraat Utrecht;Wide street;9750;7,5;19;;;;;;
M;NL00640;NL0237A;NL010A;640;Utrecht-Universiteitsbibliotheek;;3;1;'0;--;344;Utrecht;NL;NL260344;Utrecht;19871202;20050101;52,095556;'+052.05.44.00;5,125286;'+005.07.31.03;1;Background;urban;commercial;urban;;0;0;0;0;;;UTRECHT;260000;;;0;0;0;;;;;;99
M;NL00722;NL0007R;NL010A;722;Eibergen-Lintveldseweg;;2;2;5;--;1859;Berkelland;NL;NL251859;Berkelland;19830101;;52,0925;'+052.05.33.00;6,605839;'+006.36.21.02;19;Background;rural;agricultural;rural;;0;0;0;0;;;;;;;0;0;0;;;;;;60
M;NL00724;NL0219A;NL010A;724;Wageningen-Binnenhaven;;2;2;1;--;'0289;Wageningen;NL;NL250289;Wageningen;19780101;;51,973056;'+051.58.23.00;5,647514;'+005.38.51.05;7;Background;rural;agricultural;;;;;;;;;WAGENINGEN;33000;;;;;;;;;;;60
M;NL00727;NL0239A;NL010A;727;Apeldoorn-Loolaan;;2;2;1;--;'0200;Apeldoorn;NL;NL250200;Apeldoorn;19880422;20020403;52,223056;'+052.13.23.00;5,953614;'+005.57.13.01;18;Traffic;urban;residential;;;;;;;;;;;Loolaan Apeldoorn;Wide street;12000;8;19;;;;;;
M;NL00728;NL0238A;NL010A;728;Apeldoorn-Stationsstraat;;2;2;1;--;'0200;Apeldoorn;NL;NL250200;Apeldoorn;19880419;;52,213964;'+052.12.50.27;5,966719;'+005.58.00.19;11;Traffic;urban;commercial;;;0;0;0;0;;;APELDOORN;154000;Stationstraat Apeldoorn;Wide street;18800;12;19;;;;;;99
M;NL00729;NL0240A;NL010A;729;Apeldoorn-Arnhemseweg;;2;2;1;--;'0200;Apeldoorn;NL;NL250200;Apeldoorn;19880422;20020402;52,191944;'+052.11.31.00;5,962789;'+005.57.46.04;20;Traffic;urban;residential;;;;;;;;;;;Arnhemseweg Apeldoorn;Wide street;15800;5;19;;;;;;
M;NL00641;NL0248A;NL010A;641;Breukelen-Snelweg;;3;1;'0;--;329;Loenen;NL;NL260329;Loenen;19940101;;52,203056;'+052.12.11.00;4,988614;'+004.59.19.01;-1;Traffic;rural;agricultural;rural;;0;0;0;0;;;;;A2 snelweg;Highway;142910;12,2;100;;;;;;
M;NL00733;NL0247A;NL010A;733;Loenen-Eerbeeksedijk;;2;2;1;--;'0200;Apeldoorn;NL;NL250200;Apeldoorn;19930501;20020423;52,121389;'+052.07.17.00;6,037503;'+006.02.15.01;15;Background;rural;agricultural;;;;;;;;;;;;;;;;;;;;;
M;NL00444;NL0091R;NL010A;444;De Zilk-Vogelaarsdreef;;3;3;1;--;'0575;Noordwijk;NL;NL280575;Noordwijk;19940420;;52,298056;'+052.17.53.00;4,510286;'+004.30.37.03;4;Background;rural;commercial;rural;;;;;;;;;;;;;;;;;;;;60
M;NL00732;NL0251A;NL010A;732;Speuld-Garderenseweg;;2;2;1;--;'0233;Ermelo;NL;NL250233;Ermelo;19941228;;52,2725;'+052.16.21.00;5,721392;'+005.43.17.01;24;Background;rural;agricultural;;;;;;;;;;;;;;;;;;;;;60
M;NL00738;NL0249A;NL010A;738;Wekerom-Riemterdijk;;2;2;1;--;'0228;Ede;NL;NL250228;Ede;19940330;;52,1125;'+052.06.45.00;5,708619;'+005.42.31.03;18;Background;rural;agricultural;rural;;;;;;;;;;;;;;;;;;;;99
M;NL00929;NL0252A;NL010A;929;Valthermond-Noorderdiep;;1;3;2;--;1681;Borger-Odoorn;NL;NL221681;Borger-Odoorn;20000201;;52,876667;'+052.52.36.00;6,933333;'+006.56.00.00;10;Background;rural;agricultural;rural;;;;;;;;;;;;;;;;;;;;60
M;NL00445;NL0253A;NL010A;445;Den Haag-Veerkade;;3;3;2;--;'0518;'s-Gravenhage;NL;NL280518;'s-Gravenhage;20030905;;52,075;'+052.04.30.00;4,316125;'+004.18.58.05;4;Traffic;urban;commercial;;Road transport;;;;;;;DEN HAAG;442000;Amsterdamse Veerkade;Unknown;;;;;;;;;99
M;NL00741;NL0254A;NL010A;741;Nijmegen-Graafseweg;;2;2;6;--;268;Nijmegen;NL;NL250268;Nijmegen;20030501;;51,848889;'+051.50.56.00;5,858061;'+005.51.29.02;30;Traffic;urban;commercial;;Road transport;0;0;0;0;;;NIJMEGEN;300000;Graafseweg;Unknown;0;0;0;;;;;;99
M;NL00742;NL0255A;NL010A;742;Nijmegen-Ruyterstraat;;2;2;6;--;268;Nijmegen;NL;NL250268;Nijmegen;20030514;;51,838889;'+051.50.20.00;5,858061;'+005.51.29.02;30;Background;urban;residential;urban;Commercial, institutional and residential combustion;0;0;0;0;;;NIJMEGEN;300000;Ruyterstraat;Unknown;0;0;0;;;;;;99
M;NL00937;NL0256A;NL010A;937;Groningen-Europaweg;;1;1;3;--;14;Groningen;NL;NL200014;Groningen;20030501;;53,218056;'+053.13.05.00;6,5789;'+006.34.44.04;2;Traffic;urban;commercial;urban;Road transport;;;;;;;GRONINGEN;300000;Europaweg;Unknown;;;;;;;;;
M;NL00136;NL0257A;NL010A;136;Heerlen-Looierstraat;;4;2;3;--;'0917;Heerlen;NL;NL310917;Heerlen;20040826;;50,888056;'+050.53.17.00;5,971114;'+005.58.16.01;100;Traffic;urban;unknown;;;0;0;0;0;;;HEERLEN;93000;Looierstraat;Unknown;0;0;0;;;;;;99
M;NL00137;NL0258A;NL010A;137;Heerlen-Deken Nicolayestraat;;4;2;3;--;'0917;Heerlen;NL;NL310917;Heerlen;20040827;;50,885;'+050.53.06.00;5,976953;'+005.58.37.03;115;Background;urban;residential;urban;;0;0;0;0;;;HEERLEN;93000;;;0;0;0;;;;;;99
M;NL00447;NL0259A;NL010A;447;Leiden-Willem de Zwijgerlaan;;3;3;1;--;'0546;Leiden;NL;NL280546;Leiden;20041208;;52,168056;'+052.10.05.00;4,508061;'+004.30.29.02;1;Traffic;urban;unknown;urban;;0;0;0;0;;;LEIDEN;118000;Willem de Zwijgerlaan;Unknown;0;0;0;;;;;;99
M;NL00544;NL0260A;NL010A;544;Amsterdam-Prins Bernhardplein;;3;2;6;--;'0363;Amsterdam;NL;NL270363;Amsterdam;20041222;20111227;52,348572;'+052.20.54.86;4,919536;'+004.55.10.33;7;Traffic;urban;unknown;urban;;0;0;0;0;;;AMSTERDAM;734000;Prins Bernhardplein;Unknown;0;0;0;;;;;;99
M;NL00240;NL0261A;NL010A;240;Breda-Tilburgseweg;;4;1;1;--;'0758;Breda;NL;NL300758;Breda;20050426;;51,593611;'+051.35.37.00;4,825008;'+004.49.30.03;4;Traffic;suburban;commercial;;Commercial, institutional and residential combustion;0;0;0;0;;;BREDA;168000;Tilburgseweg;Wide street;0;0;0;;;;;;99
M;NL00241;NL0262A;NL010A;241;Breda-Bastenakenstraat;;4;1;1;--;'0758;Breda;NL;NL300758;Breda;20050222;;51,603333;'+051.36.12.00;4,780847;'+004.46.51.05;1;Background;suburban;residential;unknown;Commercial, institutional and residential combustion;0;0;0;0;;;BREDA;168000;Bastenakenstraat;Unknown;0;0;0;;;;;;99
M;NL00446;NL0263A;NL010A;446;Den Haag-Bleriotlaan;;3;3;2;--;'0518;'s-Gravenhage;NL;NL280518;'s-Gravenhage;20051205;;52,039722;'+052.02.23.00;4,360564;'+004.21.38.03;-2;Background;suburban;residential;;Commercial, institutional and residential combustion;0;0;0;0;;;DEN HAAG;442000;Bleriotlaan;;0;0;0;;;;;;99
M;NL00448;NL0264A;NL010A;448;Rotterdam-Bentinckplein;;3;3;5;--;'0599;Rotterdam;NL;NL280599;Rotterdam;20050415;;51,926944;'+051.55.37.00;4,461678;'+004.27.42.04;2;Traffic;urban;commercial;;Commercial, institutional and residential combustion;0;0;0;0;;;ROTTERDAM;598000;Bentinckplein;Wide street;0;0;0;;;;;;99
M;NL00938;NL0265A;NL010A;938;Groningen-Nijensteinheerd;;1;1;3;--;14;Groningen;NL;NL200014;Groningen;20050629;;53,246944;'+053.14.49.00;6,608897;'+006.36.32.03;-1;Background;suburban;residential;unknown;Commercial, institutional and residential combustion;0;0;0;0;;;GRONINGEN;300000;Nijensteinheerd;Wide street;0;0;0;;;;;;99
M;NL00540;NL0266A;NL010A;540;Leiduin;;3;2;4;--;'0397;Heemstede;NL;NL270397;Heemstede;19861203;19931231;52,346111;'+052.20.46.00;4,598069;'+004.35.53.05;3;Background;rural;commercial;;Commercial, institutional and residential combustion;0;0;0;0;;regional;;;;;0;0;0;;;;;;99
M;NL00545;NL0267A;NL010A;545;Amsterdam-A10 west;;3;2;6;--;'0363;Amsterdam;NL;NL270363;Amsterdam;20070401;;52,339497;'+052.20.22.19;4,841022;'+004.50.27.68;1;Traffic;urban;;;;0;0;0;0;;;AMSTERDAM;734000;A10 west;Highway;0;0;0;;;;;;99
M;NL00643;NL4927A;NL010A;643;Utrecht-Griftpark;;3;1;'0;--;344;Utrecht;NL;NL260344;Utrecht;20090101;;52,102222;'+052.06.08.00;5,128333;'+005.07.42.00;2;Background;urban;;;;0;0;0;0;;;UTRECHT;260000;;;0;0;0;;;4;;population;99
M;NL00242;NL4928A;NL010A;242;Veldhoven-Rapportstraat;;4;1;4;--;'0861;Veldhoven;NL;NL300861;Veldhoven;20081231;20090625;51,408056;'+051.24.29.00;5,397222;'+005.23.50.00;24;Background;urban;;;;0;0;0;0;;;EINDHOVEN;204000;;;0;0;0;;;4;;population;99
M;NL00247;NL4929A;NL010A;247;Veldhoven-Europalaan;;4;1;4;--;'0861;Veldhoven;NL;NL300861;Veldhoven;20090401;;51,4075;'+051.24.27.00;5,393333;'+005.23.36.00;22;Background;urban;;;;0;0;0;0;;;EINDHOVEN;204000;;;0;0;0;;;4;;population;99
M;NL00820;NL4930A;NL010A;820;Enschede-Espoortstraat;;2;1;3;--;'0153;Enschede;NL;NL230153;Enschede;20081224;20100819;52,2175;'+052.13.03.00;6,909444;'+006.54.34.00;20;Background;urban;;;;0;0;0;0;;;ENSCHEDE;300000;;;0;0;0;;;4;;population;99
M;NL00553;NL4931A;NL010A;553;Wijk aan Zee-Burgemeester Rothestraat;;3;2;3;--;'0375;Beverwijk;NL;NL270375;Beverwijk;20081229;;52,493889;'+052.29.38.00;4,603333;'+004.36.12.00;7;Industrial;urban;;;;0;0;0;0;;;WIJK AAN ZEE;0;;;0;0;0;;;4;;population;99
M;NL00442;NL4958A;NL010A;442;Dordrecht-Bamendaweg;;3;3;6;--;'0505;Dordrecht;NL;NL280505;Dordrecht;20101001;;51,800658;'+051.48.02.37;4,708214;'+004.42.29.57;1;Background;urban;residential;;;0;0;0;0;;;DORDRECHT;120000;;;0;0;0;;;;;;99
M;NL00821;NL4959A;NL010A;821;Enschede-Winkelhorst;;2;1;3;--;'0153;Enschede;NL;NL230153;Enschede;20100621;;52,2345;'+052.14.04.20;6,919494;'+006.55.10.18;38;Background;urban;residential;;;0;0;0;0;;;ENSCHEDE;300000;;;0;0;0;;;;;;99
M;NL00546;NL4960A;NL010A;546;Zaanstad-Hemkade;;3;2;6;--;'0363;Amsterdam;NL;NL270363;Amsterdam;20071219;20120105;52,420219;'+052.25.12.79;4,832064;'+004.49.55.43;1;Industrial;urban;commercial;;;0;0;0;0;;;ZAANDAM;300000;;;0;0;0;;;;;;99
M;NL00543;NL4964A;NL010A;543;Amsterdam-Overtoom RIVM;;3;2;6;--;'0363;Amsterdam;NL;NL270363;Amsterdam;20071026;;52,36;'+052.21.36.00;4,866;'+004.51.57.60;1;Background;urban;;;;0;0;0;0;;;AMSTERDAM;734000;;;0;0;0;;;;;;99
M;NL00432;NL4965A;NL010A;432;Hoek van Holland-Berghaven;;3;3;5;--;'0599;Rotterdam;NL;NL280599;Rotterdam;20070911;;51,977442;'+051.58.38.79;4,121031;'+004.07.15.71;1;Industrial;urban;;;;0;0;0;0;;;HOEK VAN HOLLAND;0;;;0;0;0;;;;;;99