GMLID,LocalId,Namespace,Version,NatlStationCode,Name,Municipality,EUStationCode,ActivityBegin,ActivityEnd,Lat,Lon,SRSName,Altitude,AltitudeUnit,AreaClassification,BelongsTo
STA-NL00807,STA-NL00807,NL.RIVM.AQ,,807,Hellendoorn-Luttenbergerweg,Hellendoorn,NL00807,1976-04-02 00:00:00+01:00,,52.38916779,6.40361404,urn:ogc:def:crs:EPSG:4258,7,m,http://dd.eionet.europa.eu/vocabulary/aq/areaclassification/rural,
STA-NL00818,STA-NL00818,NL.RIVM.AQ,,818,Barsbeek-De Veenen,Steenwijkerland,NL00818,1986-11-24 00:00:00+01:00,,52.65500259,6.01806974,urn:ogc:def:crs:EPSG:4258,1,m,http://dd.eionet.europa.eu/vocabulary/aq/areaclassification/rural,
STA-NL00913,STA-NL00913,NL.RIVM.AQ,,913,Sappemeer-Borgercompagnie,,NL00913,1976-04-02 00:00:00+01:00,2002-04-02 00:00:00+01:00,53.144722,6.799458,urn:ogc:def:crs:EPSG:4258,1,m,http://dd.eionet.europa.eu/vocabulary/aq/areaclassification/rural,
STA-NL00918,STA-NL00918,NL.RIVM.AQ,,918,Balk-Trophornsterweg,,NL00918,1976-04-02 00:00:00+01:00,,52.91691589,5.57349157,urn:ogc:def:crs:EPSG:4258,1,m,http://dd.eionet.europa.eu/vocabulary/aq/areaclassification/rural,
STA-NL00928,STA-NL00928,NL.RIVM.AQ,,928,Witteveen-Talmaweg,,NL00928,1978-01-01 00:00:00+01:00,2000-02-08 00:00:00+01:00,52.813611,6.669725,urn:ogc:def:crs:EPSG:4258,17,m,http://dd.eionet.europa.eu/vocabulary/aq/areaclassification/rural,
STA-NL00934,STA-NL00934,NL.RIVM.AQ,,934,Kollumerwaard-Hooge Zuidwal,Kollumerland en Nieuwkruisland,NL00934,1989-12-21 00:00:00+01:00,,53.33166504,6.27750874,urn:ogc:def:crs:EPSG:4258,1,m,http://dd.eionet.europa.eu/vocabulary/aq/areaclassification/rural,
STA-NL00131,STA-NL00131,NL.RIVM.AQ,,131,Vredepeel-Vredeweg,Venray,NL00131,1984-04-01 00:00:00+01:00,,51.54111099,5.85361385,urn:ogc:def:crs:EPSG:4258,28,m,http://dd.eionet.europa.eu/vocabulary/aq/areaclassification/rural,
STA-NL00133,STA-NL00133,NL.RIVM.AQ,,133,Wijnandsrade-Opfergeltstraat,Nuth,NL00133,1986-04-01 00:00:00+01:00,,50.9030571,5.882236,urn:ogc:def:crs:EPSG:4258,96,m,http://dd.eionet.europa.eu/vocabulary/aq/areaclassification/suburban,
STA-NL00134,STA-NL00134,NL.RIVM.AQ,,134,Beek-Vliegveldweg,,NL00134,1978-01-01 00:00:00+01:00,2013-01-01 00:00:00+01:00,50.90545,5.761917,urn:ogc:def:crs:EPSG:4258,111,m,http://dd.eionet.europa.eu/vocabulary/aq/areaclassification/rural,
STA-NL00227,STA-NL00227,NL.RIVM.AQ,,227,Budel-Toom,,NL00227,1976-01-02 00:00:00+01:00,2013-01-01 00:00:00+01:00,51.2675,5.561678,urn:ogc:def:crs:EPSG:4258,32,m,http://dd.eionet.europa.eu/vocabulary/aq/areaclassification/rural,
STA-NL00230,STA-NL00230,NL.RIVM.AQ,,230,Biest Houtakker-Biestsestraat,Hilvarenbeek,NL00230,1984-04-01 00:00:00+01:00,,51.51944351,5.14890242,urn:ogc:def:crs:EPSG:4258,15,m,http://dd.eionet.europa.eu/vocabulary/aq/areaclassification/rural,
STA-NL00231,STA-NL00231,NL.RIVM.AQ,,231,Gilze-Rijen-Rijksweg,,NL00231,1978-01-01 00:00:00+01:00,2013-01-01 00:00:00+01:00,51.566389,4.932792,urn:ogc:def:crs:EPSG:4258,3,m,http://dd.eionet.europa.eu/vocabulary/aq/areaclassification/rural,
STA-NL00232,STA-NL00232,NL.RIVM.AQ,,232,Volkel-Heikantsepad,,NL00232,1986-11-18 00:00:00+01:00,2002-04-02 00:00:00+01:00,51.641667,5.662233,urn:ogc:def:crs:EPSG:4258,20,m,http://dd.eionet.europa.eu/vocabulary/aq/areaclassification/rural,
STA-NL00234,STA-NL00234,NL.RIVM.AQ,,234,Putte-Larikslaan,,NL00234,1976-01-02 00:00:00+01:00,1999-01-01 00:00:00+01:00,51.366389,4.388336,urn:ogc:def:crs:EPSG:4258,16,m,http://dd.eionet.europa.eu/vocabulary/aq/areaclassification/rural,
STA-NL00235,STA-NL00235,NL.RIVM.AQ,,235,Huijbergen-Vennekenstraat,Woensdrecht,NL00235,1987-01-01 00:00:00+01:00,,51.43500137,4.36028624,urn:ogc:def:crs:EPSG:4258,18,m,http://dd.eionet.europa.eu/vocabulary/aq/areaclassification/rural,
STA-NL00236,STA-NL00236,NL.RIVM.AQ,,236,Eindhoven-Genovevalaan,Eindhoven,NL00236,1989-01-26 00:00:00+01:00,,51.46972275,5.47278357,urn:ogc:def:crs:EPSG:4258,17,m,http://dd.eionet.europa.eu/vocabulary/aq/areaclassification/urban,
STA-NL00237,STA-NL00237,NL.RIVM.AQ,,237,Eindhoven-Noordbrabantlaan,,NL00237,1989-01-19 00:00:00+01:00,,51.44528,5.4289,urn:ogc:def:crs:EPSG:4258,18,m,http://dd.eionet.europa.eu/vocabulary/aq/areaclassification/urban,
STA-NL00238,STA-NL00238,NL.RIVM.AQ,,238,Eindhoven-Piuslaan,,NL00238,1989-01-19 00:00:00+01:00,2002-09-02 00:00:00+01:00,51.430556,5.502781,urn:ogc:def:crs:EPSG:4258,19,m,http://dd.eionet.europa.eu/vocabulary/aq/areaclassification/urban,
STA-NL00301,STA-NL00301,NL.RIVM.AQ,,301,Zierikzee-Lange Slikweg,Schouwen-Duiveland,NL00301,1976-01-02 00:00:00+01:00,,51.63555908,3.91694736,urn:ogc:def:crs:EPSG:4258,-1,m,http://dd.eionet.europa.eu/vocabulary/aq/areaclassification/rural,
STA-NL00315,STA-NL00315,NL.RIVM.AQ,,315,Sas van Gent-Westkade,,NL00315,1976-02-01 00:00:00+01:00,1999-01-01 00:00:00+01:00,51.213056,3.800842,urn:ogc:def:crs:EPSG:4258,2,m,http://dd.eionet.europa.eu/vocabulary/aq/areaclassification/suburban,
STA-NL00318,STA-NL00318,NL.RIVM.AQ,,318,Philippine-Stelleweg,Terneuzen,NL00318,1982-12-31 00:00:00+01:00,,51.29527664,3.74945831,urn:ogc:def:crs:EPSG:4258,5,m,http://dd.eionet.europa.eu/vocabulary/aq/areaclassification/rural,
STA-NL00404,STA-NL00404,NL.RIVM.AQ,,404,Den Haag-Rebecquestraat,'s-Gravenhage,NL00404,1976-01-02 00:00:00+01:00,,52.07805634,4.28917217,urn:ogc:def:crs:EPSG:4258,2,m,http://dd.eionet.europa.eu/vocabulary/aq/areaclassification/urban,
STA-NL00411,STA-NL00411,NL.RIVM.AQ,,411,Schipluiden-Groeneveld,,NL00411,1976-01-02 00:00:00+01:00,2013-01-01 00:00:00+01:00,51.994722,4.280569,urn:ogc:def:crs:EPSG:4258,-1,m,http://dd.eionet.europa.eu/vocabulary/aq/areaclassification/suburban,
STA-NL00415,STA-NL00415,NL.RIVM.AQ,,415,Maassluis-Vlaardingsedijk,,NL00415,1976-04-03 00:00:00+01:00,2010-01-06 00:00:00+01:00,51.914722,4.259175,urn:ogc:def:crs:EPSG:4258,4,m,http://dd.eionet.europa.eu/vocabulary/aq/areaclassification/suburban,
STA-NL00416,STA-NL00416,NL.RIVM.AQ,,416,Vlaardingen-Lyceumlaan,,NL00416,1976-04-10 00:00:00+01:00,2013-01-01 00:00:00+01:00,51.9175,4.357228,urn:ogc:def:crs:EPSG:4258,-1,m,http://dd.eionet.europa.eu/vocabulary/aq/areaclassification/urban,
STA-NL00418,STA-NL00418,NL.RIVM.AQ,,418,Rotterdam-Schiedamsevest,Rotterdam,NL00418,1976-01-02 00:00:00+01:00,,51.91500092,4.48028898,urn:ogc:def:crs:EPSG:4258,3,m,http://dd.eionet.europa.eu/vocabulary/aq/areaclassification/urban,
STA-NL00433,STA-NL00433,NL.RIVM.AQ,,433,Vlaardingen-Floreslaan,Vlaardingen,NL00433,1984-04-01 00:00:00+01:00,,51.91139221,4.32695293,urn:ogc:def:crs:EPSG:4258,-1,m,http://dd.eionet.europa.eu/vocabulary/aq/areaclassification/urban,
STA-NL00434,STA-NL00434,NL.RIVM.AQ,,434,Rotterdam-vliegveldweg,,NL00434,1978-01-01 00:00:00+01:00,2013-01-01 00:00:00+01:00,51.953889,4.443342,urn:ogc:def:crs:EPSG:4258,-5,m,http://dd.eionet.europa.eu/vocabulary/aq/areaclassification/suburban,
STA-NL00437,STA-NL00437,NL.RIVM.AQ,,437,Westmaas-Groeneweg,,NL00437,1986-04-01 00:00:00+01:00,,51.78749847,4.45084143,urn:ogc:def:crs:EPSG:4258,-1,m,http://dd.eionet.europa.eu/vocabulary/aq/areaclassification/rural,
STA-NL00441,STA-NL00441,NL.RIVM.AQ,,441,Dordrecht-Frisostraat,,NL00441,1989-09-27 00:00:00+01:00,2010-11-16 00:00:00+01:00,51.805278,4.668911,urn:ogc:def:crs:EPSG:4258,1,m,http://dd.eionet.europa.eu/vocabulary/aq/areaclassification/urban,
STA-NL00518,STA-NL00518,NL.RIVM.AQ,,518,Amsterdam-Cabeliaustraat,Amsterdam,NL00518,1976-04-02 00:00:00+01:00,,52.38472366,4.80361414,urn:ogc:def:crs:EPSG:4258,1,m,http://dd.eionet.europa.eu/vocabulary/aq/areaclassification/urban,
STA-NL00520,STA-NL00520,NL.RIVM.AQ,,520,Amsterdam-Florapark,,NL00520,1976-02-02 00:00:00+01:00,2013-01-01 00:00:00+01:00,52.390931,4.917294,urn:ogc:def:crs:EPSG:4258,4,m,http://dd.eionet.europa.eu/vocabulary/aq/areaclassification/urban,
STA-NL00107,STA-NL00107,NL.RIVM.AQ,,107,Posterholt-Vlodropperweg,Roerdalen,NL00107,1976-01-02 00:00:00+01:00,,51.1202774,6.04306364,urn:ogc:def:crs:EPSG:4258,32,m,http://dd.eionet.europa.eu/vocabulary/aq/areaclassification/rural,
STA-NL00537,STA-NL00537,NL.RIVM.AQ,,537,Haarlem-Amsterdamsevaart,Haarlem,NL00537,1989-11-21 00:00:00+01:00,,52.38166428,4.64806938,urn:ogc:def:crs:EPSG:4258,1,m,http://dd.eionet.europa.eu/vocabulary/aq/areaclassification/urban,
STA-NL00538,STA-NL00538,NL.RIVM.AQ,,538,Wieringerwerf-Medemblikkerweg,Wieringermeer,NL00538,1986-04-01 00:00:00+01:00,,52.80472183,5.05084181,urn:ogc:def:crs:EPSG:4258,-4,m,http://dd.eionet.europa.eu/vocabulary/aq/areaclassification/rural,
STA-NL00620,STA-NL00620,NL.RIVM.AQ,,620,Cabauw-Zijdeweg,,NL00620,1976-04-02 00:00:00+01:00,2011-12-31 00:00:00+01:00,51.971389,4.926397,urn:ogc:def:crs:EPSG:4258,-1,m,http://dd.eionet.europa.eu/vocabulary/aq/areaclassification/rural,
STA-NL00627,STA-NL00627,NL.RIVM.AQ,,627,Bilthoven-Van Leeuwenhoeklaan,De Bilt,NL00627,1978-01-01 00:00:00+01:00,,52.120833,5.195567,urn:ogc:def:crs:EPSG:4258,3,m,http://dd.eionet.europa.eu/vocabulary/aq/areaclassification/suburban,
STA-NL00628,STA-NL00628,NL.RIVM.AQ,,628,De Bilt-Wilhelminalaan,De Bilt,NL00628,1978-01-01 00:00:00+01:00,,52.100833,5.177789,urn:ogc:def:crs:EPSG:4258,2,m,http://dd.eionet.europa.eu/vocabulary/aq/areaclassification/suburban,
STA-NL00631,STA-NL00631,NL.RIVM.AQ,,631,Biddinghuizen-Hoekwantweg,,NL00631,1986-04-01 00:00:00+01:00,,52.44850159,5.61915016,urn:ogc:def:crs:EPSG:4258,-4,m,http://dd.eionet.europa.eu/vocabulary/aq/areaclassification/rural,
STA-NL00633,STA-NL00633,NL.RIVM.AQ,,633,Zegveld-Oude Meije,Woerden,NL00633,1986-04-01 00:00:00+01:00,,52.138889,4.838336,urn:ogc:def:crs:EPSG:4258,-2,m,http://dd.eionet.europa.eu/vocabulary/aq/areaclassification/rural,
STA-NL00636,STA-NL00636,NL.RIVM.AQ,,636,Utrecht-de Jongweg,Utrecht,NL00636,1987-10-29 00:00:00+01:00,,52.106111,5.125286,urn:ogc:def:crs:EPSG:4258,1,m,http://dd.eionet.europa.eu/vocabulary/aq/areaclassification/urban,
STA-NL00637,STA-NL00637,NL.RIVM.AQ,,637,Utrecht-Wittevrouwenstraat,,NL00637,1987-11-05 00:00:00+01:00,2004-10-01 00:00:00+01:00,52.095833,5.125286,urn:ogc:def:crs:EPSG:4258,1,m,http://dd.eionet.europa.eu/vocabulary/aq/areaclassification/urban,
STA-NL00638,STA-NL00638,NL.RIVM.AQ,,638,Utrecht-Vleutenseweg,,NL00638,1987-10-01 00:00:00+01:00,2013-01-01 00:00:00+01:00,52.093889,5.103058,urn:ogc:def:crs:EPSG:4258,1,m,http://dd.eionet.europa.eu/vocabulary/aq/areaclassification/urban,
STA-NL00639,STA-NL00639,NL.RIVM.AQ,,639,Utrecht-Erzeijstraat,Utrecht,NL00639,1987-10-01 00:00:00+01:00,,52.068889,5.121114,urn:ogc:def:crs:EPSG:4258,1,m,http://dd.eionet.europa.eu/vocabulary/aq/areaclassification/urban,
STA-NL00640,STA-NL00640,NL.RIVM.AQ,,640,Utrecht-Universiteitsbibliotheek,,NL00640,1987-12-02 00:00:00+01:00,2005-01-01 00:00:00+01:00,52.095556,5.125286,urn:ogc:def:crs:EPSG:4258,1,m,http://dd.eionet.europa.eu/vocabulary/aq/areaclassification/urban,
STA-NL00722,STA-NL00722,NL.RIVM.AQ,,722,Eibergen-Lintveldseweg,Berkelland,NL00722,1983-01-01 00:00:00+01:00,,52.0925,6.605839,urn:ogc:def:crs:EPSG:4258,19,m,http://dd.eionet.europa.eu/vocabulary/aq/areaclassification/rural,
STA-NL00724,STA-NL00724,NL.RIVM.AQ,,724,Wageningen-Binnenhaven,,NL00724,1978-01-01 00:00:00+01:00,2003-01-01 00:00:00+01:00,51.973056,5.647514,urn:ogc:def:crs:EPSG:4258,7,m,http://dd.eionet.europa.eu/vocabulary/aq/areaclassification/rural,
STA-NL00727,STA-NL00727,NL.RIVM.AQ,,727,Apeldoorn-Loolaan,,NL00727,1988-04-22 00:00:00+01:00,2002-04-03 00:00:00+01:00,52.223056,5.953614,urn:ogc:def:crs:EPSG:4258,18,m,http://dd.eionet.europa.eu/vocabulary/aq/areaclassification/urban,
STA-NL00728,STA-NL00728,NL.RIVM.AQ,,728,Apeldoorn-Stationsstraat,,NL00728,1988-04-19 00:00:00+01:00,2013-07-16 00:00:00+01:00,52.213964,5.966719,urn:ogc:def:crs:EPSG:4258,11,m,http://dd.eionet.europa.eu/vocabulary/aq/areaclassification/urban,
STA-NL00729,STA-NL00729,NL.RIVM.AQ,,729,Apeldoorn-Arnhemseweg,,NL00729,1988-04-22 00:00:00+01:00,2002-04-02 00:00:00+01:00,52.191944,5.962789,urn:ogc:def:crs:EPSG:4258,20,m,http://dd.eionet.europa.eu/vocabulary/aq/areaclassification/urban,
STA-NL00641,STA-NL00641,NL.RIVM.AQ,,641,Breukelen-Snelweg,Loenen,NL00641,1994-01-01 00:00:00+01:00,,52.203056,4.988614,urn:ogc:def:crs:EPSG:4258,-1,m,http://dd.eionet.europa.eu/vocabulary/aq/areaclassification/rural,
STA-NL00733,STA-NL00733,NL.RIVM.AQ,,733,Loenen-Eerbeeksedijk,,NL00733,1993-05-01 00:00:00+01:00,2002-04-23 00:00:00+01:00,52.121389,6.037503,urn:ogc:def:crs:EPSG:4258,15,m,http://dd.eionet.europa.eu/vocabulary/aq/areaclassification/rural,
STA-NL00444,STA-NL00444,NL.RIVM.AQ,,444,De Zilk-Vogelaarsdreef,Noordwijk,NL00444,1994-04-20 00:00:00+01:00,,52.29805374,4.51028633,urn:ogc:def:crs:EPSG:4258,4,m,http://dd.eionet.europa.eu/vocabulary/aq/areaclassification/rural,
STA-NL00732,STA-NL00732,NL.RIVM.AQ,,732,Speuld-Garderenseweg,Ermelo,NL00732,1994-12-28 00:00:00+01:00,,52.27249908,5.72139168,urn:ogc:def:crs:EPSG:4258,24,m,http://dd.eionet.europa.eu/vocabulary/aq/areaclassification/rural,
STA-NL00738,STA-NL00738,NL.RIVM.AQ,,738,Wekerom-Riemterdijk,Ede,NL00738,1994-03-30 00:00:00+01:00,,52.11249924,5.70861912,urn:ogc:def:crs:EPSG:4258,18,m,http://dd.eionet.europa.eu/vocabulary/aq/areaclassification/rural,
STA-NL00929,STA-NL00929,NL.RIVM.AQ,,929,Valthermond-Noorderdiep,Borger-Odoorn,NL00929,2000-02-01 00:00:00+01:00,,52.87666321,6.9333334,urn:ogc:def:crs:EPSG:4258,10,m,http://dd.eionet.europa.eu/vocabulary/aq/areaclassification/rural,
STA-NL00445,STA-NL00445,NL.RIVM.AQ,,445,Den Haag-Veerkade,,NL00445,2003-09-05 00:00:00+01:00,,52.075,4.316125,urn:ogc:def:crs:EPSG:4258,4,m,http://dd.eionet.europa.eu/vocabulary/aq/areaclassification/urban,
STA-NL00741,STA-NL00741,NL.RIVM.AQ,,741,Nijmegen-Graafseweg,Nijmegen,NL00741,2003-05-01 00:00:00+01:00,,51.8414,5.85778,urn:ogc:def:crs:EPSG:4258,30,m,http://dd.eionet.europa.eu/vocabulary/aq/areaclassification/urban,
STA-NL00742,STA-NL00742,NL.RIVM.AQ,,742,Nijmegen-Ruyterstraat,Nijmegen,NL00742,2003-05-14 00:00:00+01:00,,51.8382,5.85694,urn:ogc:def:crs:EPSG:4258,30,m,http://dd.eionet.europa.eu/vocabulary/aq/areaclassification/urban,
STA-NL00937,STA-NL00937,NL.RIVM.AQ,,937,Groningen-Europaweg,Groningen,NL00937,2003-05-01 00:00:00+01:00,,53.21805573,6.57889986,urn:ogc:def:crs:EPSG:4258,2,m,http://dd.eionet.europa.eu/vocabulary/aq/areaclassification/urban,
STA-NL00136,STA-NL00136,NL.RIVM.AQ,,136,Heerlen-Looierstraat,Heerlen,NL00136,2004-08-26 00:00:00+01:00,,50.88805771,5.97111416,urn:ogc:def:crs:EPSG:4258,100,m,http://dd.eionet.europa.eu/vocabulary/aq/areaclassification/urban,
STA-NL00137,STA-NL00137,NL.RIVM.AQ,,137,Heerlen-Deken Nicolayestraat,,NL00137,2004-08-27 00:00:00+01:00,2013-11-14 00:00:00+01:00,50.885,5.976953,urn:ogc:def:crs:EPSG:4258,115,m,http://dd.eionet.europa.eu/vocabulary/aq/areaclassification/urban,
STA-NL00447,STA-NL00447,NL.RIVM.AQ,,447,Leiden-Willem de Zwijgerlaan,Leiden,NL00447,2004-12-08 00:00:00+01:00,,52.16805649,4.50806093,urn:ogc:def:crs:EPSG:4258,1,m,http://dd.eionet.europa.eu/vocabulary/aq/areaclassification/urban,
STA-NL00544,STA-NL00544,NL.RIVM.AQ,,544,Amsterdam-Prins Bernhardplein,,NL00544,2004-12-22 00:00:00+01:00,2011-12-27 00:00:00+01:00,52.348572,4.919536,urn:ogc:def:crs:EPSG:4258,7,m,http://dd.eionet.europa.eu/vocabulary/aq/areaclassification/urban,
STA-NL00240,STA-NL00240,NL.RIVM.AQ,,240,Breda-Tilburgseweg,,NL00240,2005-04-26 00:00:00+01:00,,51.59360886,4.82500839,urn:ogc:def:crs:EPSG:4258,4,m,http://dd.eionet.europa.eu/vocabulary/aq/areaclassification/suburban,
STA-NL00241,STA-NL00241,NL.RIVM.AQ,,241,Breda-Bastenakenstraat,Breda,NL00241,2005-02-22 00:00:00+01:00,,51.60333252,4.78084707,urn:ogc:def:crs:EPSG:4258,1,m,http://dd.eionet.europa.eu/vocabulary/aq/areaclassification/suburban,
STA-NL00446,STA-NL00446,NL.RIVM.AQ,,446,Den Haag-Bleriotlaan,'s-Gravenhage,NL00446,2005-12-05 00:00:00+01:00,,52.03972244,4.36056376,urn:ogc:def:crs:EPSG:4258,-2,m,http://dd.eionet.europa.eu/vocabulary/aq/areaclassification/suburban,
STA-NL00448,STA-NL00448,NL.RIVM.AQ,,448,Rotterdam-Bentinckplein,Rotterdam,NL00448,2005-04-15 00:00:00+01:00,,51.92694473,4.46167755,urn:ogc:def:crs:EPSG:4258,2,m,http://dd.eionet.europa.eu/vocabulary/aq/areaclassification/urban,
STA-NL00938,STA-NL00938,NL.RIVM.AQ,,938,Groningen-Nijensteinheerd,Groningen,NL00938,2005-06-29 00:00:00+01:00,,53.24694443,6.60889721,urn:ogc:def:crs:EPSG:4258,-1,m,http://dd.eionet.europa.eu/vocabulary/aq/areaclassification/suburban,
STA-NL00540,STA-NL00540,NL.RIVM.AQ,,540,Leiduin,,NL00540,1986-12-03 00:00:00+01:00,1993-12-31 00:00:00+01:00,52.346111,4.598069,urn:ogc:def:crs:EPSG:4258,3,m,http://dd.eionet.europa.eu/vocabulary/aq/areaclassification/rural(-regional),
STA-NL00002,STA-NL00002,NL.RIVM.AQ,,2,Amsterdam-Haarlemmerweg,,NL00002,1997-01-01 00:00:00+01:00,,52.38500214,4.87611961,urn:ogc:def:crs:EPSG:4258,4,m,http://dd.eionet.europa.eu/vocabulary/aq/areaclassification/urban,
STA-NL00003,STA-NL00003,NL.RIVM.AQ,,3,Amsterdam-Nieuwendammerdijk,,NL00003,1987-01-01 00:00:00+01:00,,52.38888931,4.94389725,urn:ogc:def:crs:EPSG:4258,1,m,http://dd.eionet.europa.eu/vocabulary/aq/areaclassification/urban,
STA-NL00007,STA-NL00007,NL.RIVM.AQ,,7,Amsterdam-Einsteinweg,,NL00007,1999-01-01 00:00:00+01:00,,52.38111115,4.84501123,urn:ogc:def:crs:EPSG:4258,2,m,http://dd.eionet.europa.eu/vocabulary/aq/areaclassification/urban,
STA-NL00012,STA-NL00012,NL.RIVM.AQ,,12,Amsterdam-Van Diemenstraat,,NL00012,1990-01-01 00:00:00+01:00,,52.3900032,4.88805819,urn:ogc:def:crs:EPSG:4258,4,m,http://dd.eionet.europa.eu/vocabulary/aq/areaclassification/urban,
STA-NL00014,STA-NL00014,NL.RIVM.AQ,,14,Amsterdam-Vondelpark,,NL00014,1990-01-01 00:00:00+01:00,,52.3599968,4.8088975,urn:ogc:def:crs:EPSG:4258,2,m,http://dd.eionet.europa.eu/vocabulary/aq/areaclassification/urban,
STA-NL00016,STA-NL00016,NL.RIVM.AQ,,16,Amsterdam-Westerpark,,NL00016,1999-01-01 00:00:00+01:00,,52.39305878,4.87000275,urn:ogc:def:crs:EPSG:4258,3,m,http://dd.eionet.europa.eu/vocabulary/aq/areaclassification/urban,
STA-NL00017,STA-NL00017,NL.RIVM.AQ,,17,Amsterdam-Stadhouderskade,,NL00017,1999-01-01 00:00:00+01:00,,52.35805511,4.9000001,urn:ogc:def:crs:EPSG:4258,4,m,http://dd.eionet.europa.eu/vocabulary/aq/areaclassification/urban,
STA-NL00018,STA-NL00018,NL.RIVM.AQ,,18,Amsterdam-A10zuid,,NL00018,2003-12-01 00:00:00+01:00,,52.33388901,4.89806938,urn:ogc:def:crs:EPSG:4258,10,m,http://dd.eionet.europa.eu/vocabulary/aq/areaclassification/urban,
STA-NL00545,STA-NL00545,NL.RIVM.AQ,,545,Amsterdam-A10 west,,NL00545,2007-04-01 00:00:00+01:00,,52.33949661,4.84102249,urn:ogc:def:crs:EPSG:4258,1,m,http://dd.eionet.europa.eu/vocabulary/aq/areaclassification/urban,
STA-NL00019,STA-NL00019,NL.RIVM.AQ,,19,Amsterdam-Oude Schans,,NL00019,2007-01-03 00:00:00+01:00,,52.3730545,4.90500307,urn:ogc:def:crs:EPSG:4258,2,m,http://dd.eionet.europa.eu/vocabulary/aq/areaclassification/urban,
STA-NL00020,STA-NL00020,NL.RIVM.AQ,,20,Amsterdam-Jan van Galenstraat,,NL00020,2007-01-01 00:00:00+01:00,,52.3758316,4.86084175,urn:ogc:def:crs:EPSG:4258,4,m,http://dd.eionet.europa.eu/vocabulary/aq/areaclassification/urban,
STA-NL00021,STA-NL00021,NL.RIVM.AQ,,21,Amsterdam-Kantershof (Zuid Oost),,NL00021,2007-02-07 00:00:00+01:00,,52.32138824,4.98889446,urn:ogc:def:crs:EPSG:4258,-3,m,http://dd.eionet.europa.eu/vocabulary/aq/areaclassification/urban,
STA-NL00022,STA-NL00022,NL.RIVM.AQ,,22,Amsterdam-Sportpark Ookmeer (Osdorp),,NL00022,2007-01-20 00:00:00+01:00,,52.37888718,4.79361963,urn:ogc:def:crs:EPSG:4258,-1,m,http://dd.eionet.europa.eu/vocabulary/aq/areaclassification/urban,
STA-NL00701,STA-NL00701,NL.RIVM.AQ,,701,Zaandam-Wagenschotpad,,NL00701,2006-05-01 00:00:00+01:00,,52.45000076,4.8166666,urn:ogc:def:crs:EPSG:4258,1,m,http://dd.eionet.europa.eu/vocabulary/aq/areaclassification/urban,
STA-NL00246,STA-NL00246,NL.RIVM.AQ,,246,Fijnaart-Zwingelspaansedijk,Moerdijk,NL00246,2007-10-05 00:00:00+01:00,,51.65277863,4.51388884,urn:ogc:def:crs:EPSG:4258,1,m,http://dd.eionet.europa.eu/vocabulary/aq/areaclassification/rural,
STA-NL00643,STA-NL00643,NL.RIVM.AQ,,643,Utrecht-Griftpark,Utrecht,NL00643,2009-01-01 00:00:00+01:00,,52.10222244,5.12833357,urn:ogc:def:crs:EPSG:4258,2,m,http://dd.eionet.europa.eu/vocabulary/aq/areaclassification/urban,
STA-NL00242,STA-NL00242,NL.RIVM.AQ,,242,Veldhoven-Rapportstraat,,NL00242,2008-12-31 00:00:00+01:00,2009-06-25 00:00:00+01:00,51.408056,5.397222,urn:ogc:def:crs:EPSG:4258,24,m,http://dd.eionet.europa.eu/vocabulary/aq/areaclassification/urban,
STA-NL00247,STA-NL00247,NL.RIVM.AQ,,247,Veldhoven-Europalaan,Veldhoven,NL00247,2009-04-01 00:00:00+01:00,,51.40750122,5.39333344,urn:ogc:def:crs:EPSG:4258,22,m,http://dd.eionet.europa.eu/vocabulary/aq/areaclassification/urban,
STA-NL00820,STA-NL00820,NL.RIVM.AQ,,820,Enschede-Espoortstraat,,NL00820,2008-12-24 00:00:00+01:00,2010-08-19 00:00:00+01:00,52.2175,6.909444,urn:ogc:def:crs:EPSG:4258,20,m,http://dd.eionet.europa.eu/vocabulary/aq/areaclassification/urban,
STA-NL00553,STA-NL00553,NL.RIVM.AQ,,553,Wijk aan Zee-Burgemeester Rothestraat,,NL00553,2010-01-01 00:00:00+01:00,,52.493889,4.603333,urn:ogc:def:crs:EPSG:4258,7,m,http://dd.eionet.europa.eu/vocabulary/aq/areaclassification/urban,
STA-NL00485,STA-NL00485,NL.RIVM.AQ,,HGV,Hoogvliet-Leemkuil,,NL00485,1974-01-01 00:00:00+01:00,,51.86610794,4.35527754,urn:ogc:def:crs:EPSG:4258,1,m,http://dd.eionet.europa.eu/vocabulary/aq/areaclassification/urban,
STA-NL00494,STA-NL00494,NL.RIVM.AQ,,SDM,Schiedam-Alphons Arienstraat,,NL00494,1974-01-01 00:00:00+01:00,,51.921111,4.401389,urn:ogc:def:crs:EPSG:4258,3,m,http://dd.eionet.europa.eu/vocabulary/aq/areaclassification/urban,
STA-NL00470,STA-NL00470,NL.RIVM.AQ,,BAM,Bergambacht-Provincialeweg,Bergambacht,NL00470,1993-02-10 00:00:00+01:00,,51.92805862,4.77083302,urn:ogc:def:crs:EPSG:4258,0,m,http://dd.eionet.europa.eu/vocabulary/aq/areaclassification/rural,
STA-NL00471,STA-NL00471,NL.RIVM.AQ,,KSL,Korendijk-Bakkerskeet,Korendijk,NL00471,1990-06-30 00:00:00+01:00,,51.76305389,4.27750015,urn:ogc:def:crs:EPSG:4258,0,m,http://dd.eionet.europa.eu/vocabulary/aq/areaclassification/rural,
STA-NL00472,STA-NL00472,NL.RIVM.AQ,,NKP,Nieuwkoop-Voorweg,Nieuwkoop,NL00472,1990-06-30 00:00:00+01:00,,52.16611099,4.85222197,urn:ogc:def:crs:EPSG:4258,0,m,http://dd.eionet.europa.eu/vocabulary/aq/areaclassification/rural,
STA-NL00473,STA-NL00473,NL.RIVM.AQ,,ROC,Rockanje-Middelweg,Westvoorne,NL00473,1990-06-30 00:00:00+01:00,,51.89500046,4.07416677,urn:ogc:def:crs:EPSG:4258,0,m,http://dd.eionet.europa.eu/vocabulary/aq/areaclassification/rural,
STA-NL00474,STA-NL00474,NL.RIVM.AQ,,OST,Oostvoorne-Strandweg,,NL00474,1982-01-01 00:00:00+01:00,,51.91694641,4.084167,urn:ogc:def:crs:EPSG:4258,0,m,http://dd.eionet.europa.eu/vocabulary/aq/areaclassification/unknown,
STA-NL00475,STA-NL00475,NL.RIVM.AQ,,VLE,Vlaardingen-Deltaweg,,NL00475,1975-01-01 00:00:00+01:00,,51.9011116,4.34027815,urn:ogc:def:crs:EPSG:4258,0,m,http://dd.eionet.europa.eu/vocabulary/aq/areaclassification/unknown,
STA-NL00476,STA-NL00476,NL.RIVM.AQ,,VLT,Vlaardingen-Trawlerweg,Vlaardingen,NL00476,1975-01-01 00:00:00+01:00,,51.9011116,4.31777763,urn:ogc:def:crs:EPSG:4258,0,m,http://dd.eionet.europa.eu/vocabulary/aq/areaclassification/unknown,
STA-NL00477,STA-NL00477,NL.RIVM.AQ,,VLZ,Vlaardingen-Zuidbuurt 34,Vlaardingen,NL00477,1975-01-01 00:00:00+01:00,,51.91111374,4.29638863,urn:ogc:def:crs:EPSG:4258,0,m,http://dd.eionet.europa.eu/vocabulary/aq/areaclassification/unknown,
STA-NL00478,STA-NL00478,NL.RIVM.AQ,,VLG,Vlaardingen-Deltapad G.L.,Vlaardingen,NL00478,1999-12-13 00:00:00+01:00,,51.89889145,4.30472231,urn:ogc:def:crs:EPSG:4258,0,m,http://dd.eionet.europa.eu/vocabulary/aq/areaclassification/unknown,
STA-NL00479,STA-NL00479,NL.RIVM.AQ,,HVH,Hoek v. Holland-Prins Hendrikstraat,Rotterdam,NL00479,1995-08-01 00:00:00+01:00,,51.97194672,4.14166641,urn:ogc:def:crs:EPSG:4258,0,m,http://dd.eionet.europa.eu/vocabulary/aq/areaclassification/unknown,
STA-NL00482,STA-NL00482,NL.RIVM.AQ,,MRK,Europoort-Markweg,Rotterdam,NL00482,2002-07-01 00:00:00+01:00,,51.96111298,4.09000015,urn:ogc:def:crs:EPSG:4258,0,m,http://dd.eionet.europa.eu/vocabulary/aq/areaclassification/unknown,
STA-NL00483,STA-NL00483,NL.RIVM.AQ,,A15,Botlek-Spoortunnel,Rotterdam,NL00483,2008-09-01 00:00:00+01:00,,51.86999893,4.31972218,urn:ogc:def:crs:EPSG:4258,0,m,http://dd.eionet.europa.eu/vocabulary/aq/areaclassification/unknown,
STA-NL00484,STA-NL00484,NL.RIVM.AQ,,BOT,Botlek-Oude Maasweg,Rotterdam,NL00484,1970-01-01 00:00:00+01:00,,51.88888931,4.3125,urn:ogc:def:crs:EPSG:4258,0,m,http://dd.eionet.europa.eu/vocabulary/aq/areaclassification/unknown,
STA-NL00486,STA-NL00486,NL.RIVM.AQ,,PNS,Pernis-Soetemanweg,Rotterdam,NL00486,1970-01-01 00:00:00+01:00,,51.88805771,4.38888884,urn:ogc:def:crs:EPSG:4258,0,m,http://dd.eionet.europa.eu/vocabulary/aq/areaclassification/urban,
STA-NL00487,STA-NL00487,NL.RIVM.AQ,,RPW,Rotterdam Zuid-Pleinweg,,NL00487,2010-01-01 00:00:00+01:00,,51.89111328,4.48111105,urn:ogc:def:crs:EPSG:4258,0,m,http://dd.eionet.europa.eu/vocabulary/aq/areaclassification/urban,
STA-NL00488,STA-NL00488,NL.RIVM.AQ,,RZW,Rotterdam Zuid-Zwartewaalstraat,,NL00488,2010-01-01 00:00:00+01:00,,51.89389038,4.48749971,urn:ogc:def:crs:EPSG:4258,0,m,http://dd.eionet.europa.eu/vocabulary/aq/areaclassification/urban,
STA-NL00489,STA-NL00489,NL.RIVM.AQ,,RID,Ridderkerk-Hogeweg,,NL00489,2004-07-01 00:00:00+01:00,,51.86888885,4.57472229,urn:ogc:def:crs:EPSG:4258,0,m,http://dd.eionet.europa.eu/vocabulary/aq/areaclassification/unknown,
STA-NL00490,STA-NL00490,NL.RIVM.AQ,,RMB,Rotterdam-Maasboulevard,,NL00490,2010-08-01 00:00:00+01:00,,51.91805649,4.51388884,urn:ogc:def:crs:EPSG:4258,0,m,http://dd.eionet.europa.eu/vocabulary/aq/areaclassification/unknown,
STA-NL00491,STA-NL00491,NL.RIVM.AQ,,RDO,Rotterdam-Oost Sidelinge A13,Rotterdam,NL00491,2001-03-01 00:00:00+01:00,,51.93805695,4.43111086,urn:ogc:def:crs:EPSG:4258,0,m,http://dd.eionet.europa.eu/vocabulary/aq/areaclassification/unknown,
STA-NL00492,STA-NL00492,NL.RIVM.AQ,,RDM,Rotterdam-Vasteland,Rotterdam,NL00492,1979-04-01 00:00:00+01:00,,51.91389084,4.48000002,urn:ogc:def:crs:EPSG:4258,0,m,http://dd.eionet.europa.eu/vocabulary/aq/areaclassification/unknown,
STA-NL00493,STA-NL00493,NL.RIVM.AQ,,RDS,Rotterdam Noord -Statenweg,Rotterdam,NL00493,2005-02-01 00:00:00+01:00,,51.92694473,4.46166658,urn:ogc:def:crs:EPSG:4258,0,m,http://dd.eionet.europa.eu/vocabulary/aq/areaclassification/unknown,
STA-NL00495,STA-NL00495,NL.RIVM.AQ,,MSL,Maassluis-Kwartellaan,Maassluis,NL00495,1974-01-01 00:00:00+01:00,,51.9319458,4.22777796,urn:ogc:def:crs:EPSG:4258,0,m,http://dd.eionet.europa.eu/vocabulary/aq/areaclassification/urban,
STA-NL00496,STA-NL00496,NL.RIVM.AQ,,HHB,Hoek v. Holland-Berghaven,Rotterdam,NL00496,2007-08-01 00:00:00+01:00,,51.97805786,4.12138891,urn:ogc:def:crs:EPSG:4258,0,m,http://dd.eionet.europa.eu/vocabulary/aq/areaclassification/unknown,
STA-NL00703,STA-NL00703,NL.RIVM.AQ,,703,Amsterdam-Spaarnwoude,Haarlemmerliede c.a.,NL00703,2008-12-01 00:00:00+01:00,,52.40000153,4.73000002,urn:ogc:def:crs:EPSG:4258,1,m,http://dd.eionet.europa.eu/vocabulary/aq/areaclassification/rural,
STA-NL00442,STA-NL00442,NL.RIVM.AQ,,442,Dordrecht-Bamendaweg,Dordrecht,NL00442,2010-10-01 00:00:00+01:00,,51.80065918,4.70821381,urn:ogc:def:crs:EPSG:4258,1,m,http://dd.eionet.europa.eu/vocabulary/aq/areaclassification/urban,
STA-NL00821,STA-NL00821,NL.RIVM.AQ,,821,Enschede-Winkelhorst,Enschede,NL00821,2010-06-21 00:00:00+01:00,,52.23450089,6.91949415,urn:ogc:def:crs:EPSG:4258,38,m,http://dd.eionet.europa.eu/vocabulary/aq/areaclassification/urban,
STA-NL00704,STA-NL00704,NL.RIVM.AQ,,704,Amsterdam-Hoogtij,Zaanstad,NL00704,2009-01-01 00:00:00+01:00,,52.43000031,4.76999998,urn:ogc:def:crs:EPSG:4258,4,m,http://dd.eionet.europa.eu/vocabulary/aq/areaclassification/urban,
STA-NL00312,STA-NL00312,NL.RIVM.AQ,,312,Axel-Zaaidijk,,NL00312,2010-01-12 00:00:00+01:00,,51.284534,3.91538056,urn:ogc:def:crs:EPSG:4258,1,m,http://dd.eionet.europa.eu/vocabulary/aq/areaclassification/rural,
STA-NL00319,STA-NL00319,NL.RIVM.AQ,,319,Nieuwdorp-Coudorp,Vlissingen,NL00319,2010-02-12 00:00:00+01:00,,51.464383,3.745008,urn:ogc:def:crs:EPSG:4258,1,m,http://dd.eionet.europa.eu/vocabulary/aq/areaclassification/rural,
STA-NL00543,STA-NL00543,NL.RIVM.AQ,,543,Amsterdam-Overtoom RIVM,,NL00543,2007-10-26 00:00:00+01:00,2012-01-01 00:00:00+01:00,52.36,4.866,urn:ogc:def:crs:EPSG:4258,1,m,http://dd.eionet.europa.eu/vocabulary/aq/areaclassification/urban,
STA-NL00432,STA-NL00432,NL.RIVM.AQ,,432,Hoek van Holland-Berghaven,,NL00432,2007-09-11 00:00:00+01:00,2013-08-07 00:00:00+01:00,51.977442,4.121031,urn:ogc:def:crs:EPSG:4258,1,m,http://dd.eionet.europa.eu/vocabulary/aq/areaclassification/urban,
STA-NL00546,STA-NL00546,NL.RIVM.AQ,,546,Zaanstad-Hemkade,,NL00546,2007-12-19 00:00:00+01:00,,52.420219,4.832064,urn:ogc:def:crs:EPSG:4258,1,m,http://dd.eionet.europa.eu/vocabulary/aq/areaclassification/urban,
STA-NL00551,STA-NL00551,NL.RIVM.AQ,,551,Ijmuiden-Kanaaldijk,Velsen,NL00551,2010-01-01 00:00:00+01:00,,52.46302,4.601922,urn:ogc:def:crs:EPSG:4258,1,m,http://dd.eionet.europa.eu/vocabulary/aq/areaclassification/urban,
STA-NL00556,STA-NL00556,NL.RIVM.AQ,,556,De Rijp-Oostdijkje,Graft-De Rijp,NL00556,2010-01-01 00:00:00+01:00,,52.56359,4.8617,urn:ogc:def:crs:EPSG:4258,1,m,http://dd.eionet.europa.eu/vocabulary/aq/areaclassification/rural(-regional),
STA-NL00561,STA-NL00561,NL.RIVM.AQ,,561,Badhoevedorp-Sloterweg,Haarlemmermeer,NL00561,2010-01-01 00:00:00+01:00,,52.33356,4.77359,urn:ogc:def:crs:EPSG:4258,1,m,http://dd.eionet.europa.eu/vocabulary/aq/areaclassification/rural,
STA-NL00564,STA-NL00564,NL.RIVM.AQ,,564,Hoofddorp-Hoofdweg,Haarlemmermeer,NL00564,2010-01-01 00:00:00+01:00,,52.28743,4.766679,urn:ogc:def:crs:EPSG:4258,1,m,http://dd.eionet.europa.eu/vocabulary/aq/areaclassification/unknown,
STA-NL00565,STA-NL00565,NL.RIVM.AQ,,565,Oude Meer-Aalsmeerderdijk,Haarlemmermeer,NL00565,2010-01-01 00:00:00+01:00,,52.32745,4.715071,urn:ogc:def:crs:EPSG:4258,1,m,http://dd.eionet.europa.eu/vocabulary/aq/areaclassification/unknown,
STA-NL00570,STA-NL00570,NL.RIVM.AQ,,570,Beverwijk West-Creutzberglaan,Beverwijk,NL00570,2010-01-01 00:00:00+01:00,,52.4866,4.638642,urn:ogc:def:crs:EPSG:4258,1,m,http://dd.eionet.europa.eu/vocabulary/aq/areaclassification/unknown,
STA-NL00572,STA-NL00572,NL.RIVM.AQ,,572,Velsen-Staalstraat,Velsen,NL00572,2010-01-01 00:00:00+01:00,,52.4744,4.6288,urn:ogc:def:crs:EPSG:4258,1,m,http://dd.eionet.europa.eu/vocabulary/aq/areaclassification/unknown,
STA-NL00573,STA-NL00573,NL.RIVM.AQ,,573,Velsen-Reijndersweg,Velsen,NL00573,2010-01-01 00:00:00+01:00,,52.79,4.729,urn:ogc:def:crs:EPSG:4258,1,m,http://dd.eionet.europa.eu/vocabulary/aq/areaclassification/unknown,
STA-NL00244,STA-NL00244,NL.RIVM.AQ,,244,De Rips-Klotterpeellaan,Gemert-Bakel,NL00244,2009-01-01 00:00:00+01:00,,51.5359,5.808593,urn:ogc:def:crs:EPSG:4258,1,m,http://dd.eionet.europa.eu/vocabulary/aq/areaclassification/rural,
STA-NL00245,STA-NL00245,NL.RIVM.AQ,,245,Moerdijk-Julianastraat,Moerdijk,NL00245,2009-01-01 00:00:00+01:00,,51.70078,4.623361,urn:ogc:def:crs:EPSG:4258,1,m,http://dd.eionet.europa.eu/vocabulary/aq/areaclassification/unknown,
STA-NL00547,STA-NL00547,NL.RIVM.AQ,,547,Hilversum-J. Gerardtsweg,Hilversum,NL00547,2010-01-01 00:00:00+01:00,,52.23508,5.181552,urn:ogc:def:crs:EPSG:4258,1,m,http://dd.eionet.europa.eu/vocabulary/aq/areaclassification/urban,
STA-NL00548,STA-NL00548,NL.RIVM.AQ,,548,Bussum-Ceintuurbaan,Bussum,NL00548,2010-01-01 00:00:00+01:00,,52.26798,5.17583,urn:ogc:def:crs:EPSG:4258,1,m,http://dd.eionet.europa.eu/vocabulary/aq/areaclassification/urban,
STA-NL00549,STA-NL00549,NL.RIVM.AQ,,549,Laren-Jagerspad,Laren,NL00549,2010-01-01 00:00:00+01:00,,52.25736,5.235903,urn:ogc:def:crs:EPSG:4258,1,m,http://dd.eionet.europa.eu/vocabulary/aq/areaclassification/urban,
STA-NL00743,STA-NL00743,NL.RIVM.AQ,,743,Kootwijkerbroek-Drieenhuizerweg,Barneveld,NL00743,2010-01-01 00:00:00+01:00,,52.15407,5.664074,urn:ogc:def:crs:EPSG:4258,1,m,http://dd.eionet.europa.eu/vocabulary/aq/areaclassification/rural,
STA-NL00644,STA-NL00644,NL.RIVM.AQ,,644,Cabauw-Wielsekade,Lopik,NL00644,2012-01-01 00:00:00+01:00,,51.97464,4.92343,urn:ogc:def:crs:EPSG:4258,1,m,http://dd.eionet.europa.eu/vocabulary/aq/areaclassification/rural,
STA-NL00138,STA-NL00138,NL.RIVM.AQ,,138,Heerlen-Jamboreepad,,NL00138,2013-11-18 00:00:00+01:00,,50.900317,5.986853,urn:ogc:def:crs:EPSG:4258,98,m,http://dd.eionet.europa.eu/vocabulary/aq/areaclassification/urban,
